source,text,created,compound,positive,negative,neutral,tweets ago
@BBCBreaking,"Heterosexual couples in England &amp; Wales to be given right to enter into civil partnerships rather than marriage, Th‚Ä¶ https://t.co/EAMejUIpvn",Tue Oct 02 10:37:30 +0000 2018,0.0,0.0,0.0,1.0,1
@BBCBreaking,"Number of people killed in Indonesia quake and tsunami rises to more than 1,200, officials say https://t.co/TZucu47QUz",Tue Oct 02 06:55:57 +0000 2018,-0.6369,0.062,0.216,0.721,2
@BBCBreaking,"@pakhead Atmosphere transforms from anger to jubilation as police back down and let crowds into shops, @pakhead rep‚Ä¶ https://t.co/uUz5mowIWz",Tue Oct 02 06:25:58 +0000 2018,-0.5719,0.0,0.171,0.829,3
@BBCBreaking,BBC's @pakhead sees police fire shots and tear gas as desperation grows in Indonesia's disaster-stricken #Palu https://t.co/TsM9u1sKOm,Tue Oct 02 06:13:53 +0000 2018,-0.6597,0.0,0.265,0.735,4
@BBCBreaking,"French singer and songwriter Charles Aznavour has died aged 94 after a career lasting more than 80 years, a spokesm‚Ä¶ https://t.co/rPDyux6inR",Mon Oct 01 12:16:14 +0000 2018,-0.5574,0.0,0.167,0.833,5
@BBCBreaking,"RT @5liveSport: That's it!

Mickelson hits the water and concedes to Francesco Molinari!

#TeamEurope have won the #RyderCup !!

üéôÔ∏èüìªhttps:/‚Ä¶",Sun Sep 30 15:02:11 +0000 2018,0.7067,0.204,0.0,0.796,6
@BBCBreaking,At least 832 people now known to have died in Indonesian earthquake and tsunami - emergency officials https://t.co/uBzqMfoKLJ,Sun Sep 30 06:52:14 +0000 2018,-0.7351,0.0,0.292,0.708,7
@BBCBreaking,Senior Tory MPs have had their personal details exposed due to security flaw in Conservative conference app https://t.co/AF063jzOxD,Sat Sep 29 14:18:39 +0000 2018,0.2732,0.122,0.066,0.812,8
@BBCBreaking,At least 384 people now known to have died after an earthquake and tsunami hit a coastal Indonesian city https://t.co/IprVdGRuCg,Sat Sep 29 07:33:05 +0000 2018,-0.5574,0.0,0.167,0.833,9
@BBCBreaking,US President Donald Trump orders FBI to reopen background inquiry into Supreme Court nominee Brett Kavanaugh over s‚Ä¶ https://t.co/ZgqnxO5Gox,Fri Sep 28 21:09:09 +0000 2018,0.5574,0.167,0.0,0.833,10
@BBCBreaking,Brett Kavanaugh's nomination to US Supreme Court backed by Senate committee as discussions continue over FBI inquiry https://t.co/KKe4X2DRQA,Fri Sep 28 18:04:12 +0000 2018,0.5719,0.227,0.0,0.773,11
@BBCBreaking,"Facebook says the security flaw has been fixed and it has informed police. In a statement it says ""we have yet to d‚Ä¶ https://t.co/naGAXzvkxG",Fri Sep 28 17:44:43 +0000 2018,0.34,0.098,0.0,0.902,12
@BBCBreaking,"50 million Facebook accounts compromised, the social network says - in all, 90m accounts will have to take action https://t.co/GL3MyqXgHF",Fri Sep 28 17:08:56 +0000 2018,0.0,0.0,0.0,1.0,13
@BBCBreaking,"Officers searching for missing Worcester student Thomas Jones, 18, find a body in the River Severn https://t.co/Zj8Ug65gr0",Fri Sep 28 15:55:27 +0000 2018,-0.296,0.0,0.128,0.872,14
@BBCBreaking,Danish police seal off bridges and ferries to Sweden and Germany in a major operation https://t.co/uvVH4ANjHm,Fri Sep 28 12:54:18 +0000 2018,0.0,0.0,0.0,1.0,15
@BBCBreaking,"Pret a Manger‚Äôs allergy labelling was inadequate, says coroner in case of girl who died after eating a baguette https://t.co/93qasWccnJ",Fri Sep 28 09:46:20 +0000 2018,-0.743,0.0,0.283,0.717,16
@BBCBreaking,Tesla chief executive Elon Musk accused of fraud by the US Securities and Exchange Commission https://t.co/Qf8jtsrv8G,Thu Sep 27 20:29:32 +0000 2018,-0.5859,0.104,0.283,0.613,17
@BBCBreaking,"""My family and my name have been totally and permanently destroyed"" - US Supreme Court nominee Brett Kavanaugh reac‚Ä¶ https://t.co/bH7othXr2Q",Thu Sep 27 19:18:04 +0000 2018,0.0352,0.15,0.144,0.706,18
@BBCBreaking,"RT @BBCSport: The proposed ¬£600m sale of Wembley Stadium has been unanimously backed by the Football Association's board.

https://t.co/6sX‚Ä¶",Thu Sep 27 15:14:06 +0000 2018,0.0258,0.058,0.0,0.942,19
@BBCBreaking,"""I am here today not because I want to be. I am terrified. I am here because I believe it is my civic duty to tell‚Ä¶ https://t.co/1mIY5lYWdC",Thu Sep 27 14:40:05 +0000 2018,-0.6395,0.0,0.199,0.801,20
@BBCBreaking,The real identity of one of the Salisbury Novichock poisoning suspects is revealed by an investigative website https://t.co/5ySt719D3g,Wed Sep 26 16:32:23 +0000 2018,-0.7351,0.0,0.279,0.721,21
@BBCBreaking,"China has been attempting to interfere in the mid-term elections in November, President Trump tells UN https://t.co/FkYVJlPMaW",Wed Sep 26 14:55:12 +0000 2018,0.0,0.0,0.0,1.0,22
@BBCBreaking,"Suspects in the 1974 Birmingham pub bombings will not be named at fresh inquests, the appeal court rules https://t.co/RqzM3HkGfz",Wed Sep 26 13:08:57 +0000 2018,-0.0258,0.106,0.111,0.783,23
@BBCBreaking,"""Sexually violent predator"" Bill Cosby given three to 10-year jail term for drugging and molesting a woman in 2004 https://t.co/vNPK6YmTfA",Tue Sep 25 18:13:58 +0000 2018,-0.8271,0.0,0.312,0.688,24
@BBCBreaking,"""Stronger, safer, richer"": Donald Trump tells UN he has done more in under two years than almost any prior president https://t.co/coDul33Afk",Tue Sep 25 14:50:14 +0000 2018,0.4215,0.123,0.0,0.877,25
@BBCBreaking,"Amid concerns about his job, Trump-Russia probe chief Rod Rosenstein has ""extended conversation"" with President Tru‚Ä¶ https://t.co/IAXR7JSl1Y",Mon Sep 24 17:24:24 +0000 2018,0.0,0.0,0.0,1.0,26
@BBCBreaking,"Rod Rosenstein, the man overseeing Trump-Russia probe, en route to White House amid reports he will offer to quit https://t.co/3kxi0m3UId",Mon Sep 24 15:11:09 +0000 2018,0.0,0.0,0.0,1.0,27
@BBCBreaking,"RT @BBCSport: Anthony Joshua wins! ü•ä

He‚Äôs won by knockout in round 7!

AJ retains his heavyweight titles. 

Live reaction https://t.co/e2u‚Ä¶",Sat Sep 22 21:46:29 +0000 2018,0.8395,0.285,0.0,0.715,28
@BBCBreaking,"Labour should be prepared to back demands for a new Brexit referendum, deputy leader Tom Watson has said. https://t.co/x9EOYEtffe",Sat Sep 22 20:09:28 +0000 2018,0.2263,0.101,0.0,0.899,29
@BBCBreaking,The woman accusing Supreme Court nominee Brett Kavanaugh of sexual assault agrees to testify against him next week https://t.co/W5RTtIVAwN,Sat Sep 22 18:48:42 +0000 2018,-0.0258,0.208,0.212,0.579,30
@BBCBreaking,US cable giant wins rare blind auction process set by the UK's Takeover Panel. https://t.co/Lc0sggm0FL,Sat Sep 22 18:23:52 +0000 2018,0.25,0.191,0.139,0.67,31
@BBCBreaking,Chas Hodges - one half of the musical duo Chas &amp; Dave - has died https://t.co/sLok83mgNk,Sat Sep 22 12:20:02 +0000 2018,-0.5574,0.0,0.217,0.783,32
@BBCBreaking,"Man rescued from air pocket in sunken Lake Victoria ferry, two days after it capsized with loss of around 170 lives https://t.co/l5rG7Bsa58",Sat Sep 22 11:10:39 +0000 2018,0.128,0.112,0.092,0.797,33
@BBCBreaking,"Several people killed in gun attack during Iranian military parade in south-west city of Ahvaz, state media says https://t.co/OweQk7y5Qp",Sat Sep 22 06:19:09 +0000 2018,-0.875,0.0,0.385,0.615,34
@BBCBreaking,"""No-one wants a good deal more than me, but the EU should be clear I will not overturn the result of the referendum‚Ä¶ https://t.co/xGM9JxrjiN",Fri Sep 21 13:17:13 +0000 2018,0.6542,0.211,0.0,0.789,35
@BBCBreaking,"UK PM Theresa May demands new proposals from EU to break Brexit ""impasse"" after Chequers plan rejected by EU leaders https://t.co/4IzVJBIco0",Fri Sep 21 13:14:06 +0000 2018,-0.5106,0.0,0.142,0.858,36
@BBCBreaking,"UK PM Theresa May to make statement in Downing Street on state of #Brexit negotiations at 13:45 BST

https://t.co/SUQnGZEPKZ",Fri Sep 21 12:02:41 +0000 2018,0.0,0.0,0.0,1.0,37
@BBCBreaking,"At least 86 bodies are found after a Tanzanian ferry overturns in Lake Victoria, officials say https://t.co/Pcy3ObgGin",Fri Sep 21 07:52:13 +0000 2018,-0.3818,0.0,0.148,0.852,38
@BBCBreaking,Multiple deaths and injuries after a shooting at a pharmacy distribution centre in Maryland - US police https://t.co/38OudkxJja,Thu Sep 20 16:10:35 +0000 2018,0.0,0.0,0.0,1.0,39
@BBCBreaking,"After criticism of her Chequers plan by EU leaders, Theresa May stands by her #Brexit proposals as ""the only seriou‚Ä¶ https://t.co/jAq6ulD1iY",Thu Sep 20 14:13:40 +0000 2018,-0.4404,0.0,0.127,0.873,40
@BBCBreaking,"European Council President Donald Tusk says EU leaders agree Theresa May's Chequers plan for #Brexit ""will not work‚Ä¶ https://t.co/9Mc9yWQLUJ",Thu Sep 20 13:36:45 +0000 2018,0.3612,0.122,0.0,0.878,41
@BBCBreaking,"RT @BBCSport: The suspension of Russia's anti-doping agency (Rusada) has been lifted despite widespread opposition.

Full story: https://t.‚Ä¶",Thu Sep 20 12:59:39 +0000 2018,0.0,0.0,0.0,1.0,42
@BBCBreaking,Pakistan court orders release of ex-PM Nawaz Sharif and suspends his jail sentence https://t.co/3LqxVQ6F51,Wed Sep 19 10:21:14 +0000 2018,0.0772,0.091,0.0,0.909,43
@BBCBreaking,"Woman dies after caravan blown off cliff in Galway, Ireland as Storm Ali brings disruption to British Isles https://t.co/wubY4511gO",Wed Sep 19 09:36:38 +0000 2018,-0.3612,0.0,0.122,0.878,44
@BBCBreaking,"UK inflation rate for August unexpectedly rises to 2.7%, highest in six months https://t.co/GmqT0MuLhi",Wed Sep 19 08:33:35 +0000 2018,0.0,0.0,0.0,1.0,45
@BBCBreaking,"Moon and Kim hail new future for North and South Korea, signing wide-ranging agreement in Pyongyang https://t.co/QNzHH5gdDP",Wed Sep 19 02:59:21 +0000 2018,0.5423,0.231,0.0,0.769,46
@BBCBreaking,Germany's spy chief forced out of job over his controversial response to reports of far-right unrest in Chemnitz https://t.co/NUAvqHojSE,Tue Sep 18 16:12:26 +0000 2018,-0.5859,0.0,0.22,0.78,47
@BBCBreaking,"RT @BBCSport: Ben Stokes and Alex Hales have been charged with bringing the game into disrepute by the ECB.

https://t.co/1mH5geVa1O https:‚Ä¶",Tue Sep 18 13:13:51 +0000 2018,-0.2023,0.0,0.083,0.917,48
@BBCBreaking,The US is imposing new tariffs on $200bn (¬£150bn) worth of Chinese goods as it escalates its trade war with Beijing https://t.co/CjuxgjX23d,Mon Sep 17 22:41:12 +0000 2018,-0.5267,0.073,0.202,0.725,49
@BBCBreaking,Thai cave rescuer Vernon Unsworth sues Elon Musk over his repeated claims the British diver is child abuser https://t.co/wJeixByjo9,Mon Sep 17 18:11:18 +0000 2018,-0.5574,0.0,0.167,0.833,50
@BBCBreaking,Russia and Turkey to create buffer zone in Syria's northern Idlib province to separate Syrian forces and rebels https://t.co/1xjM2afBPr,Mon Sep 17 16:42:17 +0000 2018,0.0772,0.1,0.086,0.813,51
@BBCBreaking,"US Supreme Court nominee Brett Kavanaugh says sexual assault claim against him is ""completely false"" in first comme‚Ä¶ https://t.co/MPyA5T4jiH",Mon Sep 17 14:42:34 +0000 2018,-0.0516,0.148,0.156,0.697,52
@BBCBreaking,"International Monetary Fund warns no-deal #Brexit would inflict ""substantial costs"" on the UK economy https://t.co/qBkhE3584i",Mon Sep 17 09:18:01 +0000 2018,0.1027,0.111,0.086,0.802,53
@BBCBreaking,"Police have sealed off the Prezzo restaurant in High Street, Salisbury, following a 'medical incident' involving a man and a woman",Sun Sep 16 19:30:19 +0000 2018,0.0,0.0,0.0,1.0,54
@BBCBreaking,Correction: Christine Blasey Ford reveals she was teenager allegedly assaulted by Supreme Court nominee Kavanaugh https://t.co/NMZLm0Ro4C,Sun Sep 16 19:24:39 +0000 2018,0.0516,0.171,0.162,0.667,55
@BBCBreaking,"RT @BBCSport: Kenya's Eliud Kipchoge has set a new marathon world record in Berlin.

https://t.co/D9EEUxebgM https://t.co/mb8oigT6FB",Sun Sep 16 09:31:11 +0000 2018,0.0,0.0,0.0,1.0,56
@BBCBreaking,"At least five dead as Florence mauls US East Coast

¬∑Winds of up to 70mph (110km/h) expected for several days
¬∑Almo‚Ä¶ https://t.co/dAXPvHdCAW",Sat Sep 15 01:32:56 +0000 2018,-0.6486,0.0,0.17,0.83,57
@BBCBreaking,"Hurricane Florence downgraded to tropical storm
 
‚Ä¢ Four people killed as storm batters US East Coast
‚Ä¢ 600,000 hom‚Ä¶ https://t.co/EWslcjopvp",Fri Sep 14 21:00:56 +0000 2018,-0.6705,0.0,0.209,0.791,58
@BBCBreaking,"Typhoon Mangkhut reaches northern Philippines with officials warning of possible ""very heavy damage"" https://t.co/ez3FCfWNV1",Fri Sep 14 18:28:18 +0000 2018,-0.6887,0.066,0.325,0.608,59
@BBCBreaking,"Trump's former campaign manager Paul Manafort agrees to co-operate with Mueller probe, prosecutor says https://t.co/o8VmfnfWtx",Fri Sep 14 15:41:17 +0000 2018,0.2023,0.114,0.0,0.886,60
@BBCBreaking,"#HurricaneFlorence latest

‚Ä¢ Centre of hurricane eye makes landfall
‚Ä¢ More than 300,000 people without power 
‚Ä¢ Eva‚Ä¶ https://t.co/hxwsLoRxka",Fri Sep 14 11:48:34 +0000 2018,0.0,0.0,0.0,1.0,61
@BBCBreaking,"#HurricaneFlorence makes landfall on east coast of US

Follow our live updates https://t.co/DEangW2yzK https://t.co/yy1qY9b4ui",Fri Sep 14 10:05:23 +0000 2018,0.0,0.0,0.0,1.0,62
@BBCBreaking,Suspects in poisoning of ex-Russian spy Sergei Skripal tell state-sponsored TV network RT they visited Salisbury as‚Ä¶ https://t.co/wJsPNLoMCp,Thu Sep 13 10:26:24 +0000 2018,-0.7351,0.0,0.279,0.721,63
@BBCBreaking,Two men named as suspects in poisoning of Russian ex-spy claim they were merely tourists to Salisbury Cathedral https://t.co/PFXBDyJrkf,Thu Sep 13 10:13:52 +0000 2018,-0.7351,0.0,0.267,0.733,64
@BBCBreaking,"British couple who died at Egyptian hotel were killed by E. coli, the country's general prosecutor says https://t.co/PqSvcJ75N8",Wed Sep 12 15:02:35 +0000 2018,-0.8442,0.0,0.336,0.664,65
@BBCBreaking,"""Nothing criminal"" about men named by UK over poisoning of ex-Russian spy Sergei Skripal and daughter, Putin says https://t.co/UjoGhhCn3G",Wed Sep 12 07:06:33 +0000 2018,-0.2556,0.118,0.161,0.721,66
@BBCBreaking,"RT @bbctms: WICKET!
There it is! Anderson cleans up Shami, bowled for 0. England win the match and Jimmy Anderson takes his 564th Test wick‚Ä¶",Tue Sep 11 16:30:50 +0000 2018,0.658,0.154,0.0,0.846,67
@BBCBreaking,"RT @BBCSport: Uefa plans to introduce a third European club competition alongside the Champions League and Europa League from 2021.

üëâ http‚Ä¶",Tue Sep 11 09:21:43 +0000 2018,0.5267,0.129,0.0,0.871,68
@BBCBreaking,"UK unemployment fell by 55,000 in the three months to July, ONS figures say https://t.co/XYEvJ6AbkM",Tue Sep 11 08:35:00 +0000 2018,-0.4404,0.0,0.172,0.828,69
@BBCBreaking,England's leading Test run scorer Alastair Cook dismissed for 147 in his last ever innings for his country‚Ä¶ https://t.co/XCWX52LxXE,Mon Sep 10 14:09:41 +0000 2018,0.0,0.0,0.0,1.0,70
@BBCBreaking,"RT @bbctms: THERE IT IS!
What a moment for Alastair Cook on his last-ever Test innings he brings up his hundred! Not sure he'd have expecte‚Ä¶",Mon Sep 10 11:45:36 +0000 2018,-0.3707,0.0,0.096,0.904,71
@BBCBreaking,"Sweden's far right makes gains in election as establishment parties deadlocked, exit polls predict https://t.co/GXIMNX2uTb",Sun Sep 09 18:09:57 +0000 2018,0.6249,0.282,0.0,0.718,72
@BBCBreaking,"28-year-old woman charged with attempted murder after man stabbed on Saturday in Barnsley, South Yorkshire https://t.co/IQTo0Ap8cW",Sun Sep 09 17:03:42 +0000 2018,-0.8555,0.0,0.42,0.58,73
@BBCBreaking,Naomi Osaka beats Serena Williams 6-2 6-4 to win US Open - the first Japanese player to win Grand Slam singles title https://t.co/y9hsSHkKZy,Sat Sep 08 21:47:17 +0000 2018,0.8402,0.34,0.083,0.577,74
@BBCBreaking,"Woman, 28, arrested after man stabbed in Barnsley, South Yorkshire is being held on suspicion of attempted murder https://t.co/iWCXSe2gLM",Sat Sep 08 17:02:27 +0000 2018,-0.9231,0.0,0.47,0.53,75
@BBCBreaking,"One person arrested after reports man had been stabbed in Barnsley town centre, as police investigate if it was an‚Ä¶ https://t.co/oyYQpXLyph",Sat Sep 08 09:38:43 +0000 2018,-0.7184,0.0,0.24,0.76,76
@BBCBreaking,"Police responding to ""serious incident"" in Barnsley, South Yorkshire, the force says https://t.co/hIXI30hWJ9",Sat Sep 08 09:10:30 +0000 2018,-0.0772,0.0,0.098,0.902,77
@BBCBreaking,"US rapper Mac Miller found dead at his Los Angeles home aged 26 after apparent overdose, US media report https://t.co/ytKhUKCXkC",Fri Sep 07 21:28:58 +0000 2018,-0.6486,0.0,0.185,0.815,78
@BBCBreaking,Former Donald Trump aide George Papadopoulos jailed for 14 days for lying to the FBI in Russia investigation https://t.co/SIBVvJz398,Fri Sep 07 20:45:14 +0000 2018,-0.765,0.0,0.28,0.72,79
@BBCBreaking,"BA boss ""extremely sorry"" after some customers' data stolen in ""very sophisticated criminal attack"" on website https://t.co/PGrIfzJlnG",Fri Sep 07 07:00:15 +0000 2018,-0.7871,0.14,0.427,0.433,80
@BBCBreaking,Twitter permanently bans US conspiracy theorist Alex Jones and Infowars for abusive behaviour https://t.co/6hp5VIIf7F,Thu Sep 06 20:55:50 +0000 2018,-0.8225,0.0,0.388,0.612,81
@BBCBreaking,"Obituary: Burt Reynolds - full of charm &amp; swagger, he became one of Hollywood's best-known stars‚Ä¶ https://t.co/FNVMKFPafC",Thu Sep 06 19:28:33 +0000 2018,0.4019,0.153,0.0,0.847,82
@BBCBreaking,"Burt Reynolds dies, aged 82 - he starred in a string of hits in the 1970s, including Smokey and the Bandit &amp; Delive‚Ä¶ https://t.co/eeqUAl3qVP",Thu Sep 06 19:06:08 +0000 2018,0.0,0.0,0.0,1.0,83
@BBCBreaking,A planned tax cut for 2.7m self-employed workers has been scrapped by the UK government https://t.co/v9Mbp69qsd,Thu Sep 06 17:00:22 +0000 2018,-0.2732,0.0,0.13,0.87,84
@BBCBreaking,"US, France, Germany and Canada agree with UK that Russian government ""almost certainly"" approved Salisbury poisoning https://t.co/zEJwB5R0mT",Thu Sep 06 15:10:53 +0000 2018,0.3245,0.298,0.159,0.543,85
@BBCBreaking,"Cranberries singer Dolores O'Riordan died by drowning due to alcohol intoxication, inquest told https://t.co/CdevEV5EYs",Thu Sep 06 10:35:28 +0000 2018,-0.5574,0.0,0.217,0.783,86
@BBCBreaking,Gay sex is no longer a crime in India after a historic verdict by the Supreme Court https://t.co/GnrdzPPSuF,Thu Sep 06 06:28:06 +0000 2018,-0.128,0.227,0.249,0.524,87
@BBCBreaking,"""This was not a rogue operation""

UK PM Theresa May says suspects in Salisbury poisoning investigation were Russian‚Ä¶ https://t.co/MbTg37F5H6",Wed Sep 05 12:11:06 +0000 2018,-0.7351,0.0,0.279,0.721,88
@BBCBreaking,"Two Salisbury attack suspects are believed to be Russian military intelligence officers, UK PM Theresa May says https://t.co/cC5Plpg7J4",Wed Sep 05 12:05:07 +0000 2018,-0.34,0.131,0.233,0.636,89
@BBCBreaking,"UK police name two Russian nationals saying there is ""sufficient evidence"" to charge them over Salisbury attack https://t.co/SXGLXtBgPY",Wed Sep 05 10:09:08 +0000 2018,-0.4767,0.0,0.154,0.846,90
@BBCBreaking,"Rachael Bland, BBC presenter who won praise for her honest portrayal of cancer in her blog and podcast, dies aged 4‚Ä¶ https://t.co/90T6zvn51D",Wed Sep 05 10:01:06 +0000 2018,0.7351,0.321,0.133,0.545,91
@BBCBreaking,UK Labour‚Äôs ruling body the NEC to adopt in full an international definition of anti-Semitism after months of rows https://t.co/crqNidbgLk,Tue Sep 04 16:23:45 +0000 2018,0.1779,0.082,0.0,0.918,92
@BBCBreaking,"Founder of Afghan militant network Jalaluddin Haqqani is dead after years of illness, the Taliban announces https://t.co/WL9DGkEoDd",Tue Sep 04 04:05:29 +0000 2018,-0.7906,0.0,0.318,0.682,93
@BBCBreaking,"2018 was joint-hottest summer on record for UK as a whole and the hottest for England, Met Office says https://t.co/dbKp5lDVPR",Mon Sep 03 12:16:16 +0000 2018,0.0,0.0,0.0,1.0,94
@BBCBreaking,Chris Evans reveals live on air he is to leave Radio 2 breakfast show after eight years at the helm https://t.co/xgzFkesyme,Mon Sep 03 07:14:50 +0000 2018,-0.0516,0.0,0.059,0.941,95
@BBCBreaking,Myanmar jails two Reuters journalists for seven years over their investigation into violence against Rohingyas https://t.co/csKrk4XPxD,Mon Sep 03 04:08:27 +0000 2018,-0.6249,0.0,0.215,0.785,96
@BBCBreaking,"One of Latin America's largest natural history museums, in Brazil's Rio de Janeiro, has been hit by a massive fire https://t.co/hXegQI4Lsk",Mon Sep 03 00:43:10 +0000 2018,0.0258,0.109,0.105,0.786,97
@BBCBreaking,"Up in flames - dramatic images of fire at the Littlewoods Pools building, one of Liverpool's most famous landmarks https://t.co/sXBSryMSmE",Sun Sep 02 21:45:33 +0000 2018,-0.34,0.0,0.118,0.882,98
@BBCBreaking,"Janbaz Tarin, 21, charged with murders of Raneem Oudeh and her mother Khaola Saleem in Solihull https://t.co/rKisbSWW2S",Fri Aug 31 21:55:30 +0000 2018,-0.7003,0.0,0.279,0.721,99
@BBCBreaking,"The United States is ending all funding for the UN's Palestinian refugee agency, the State Department says https://t.co/V2RJe5Mtft",Fri Aug 31 20:16:13 +0000 2018,0.4215,0.141,0.0,0.859,100
@CBSNews,GARBAGE LOCKS AND THE THREE BEARS: These firefighters were determined to confront whoever was ransacking their garb‚Ä¶ https://t.co/qmhLQPkF94,Tue Oct 02 20:40:08 +0000 2018,0.1779,0.119,0.085,0.796,1
@CBSNews,POTSHOTS: Pro-marijuana protesters confronted Maryland Rep. Andy Harris outside his office over his opposition to u‚Ä¶ https://t.co/acKAspcBSn,Tue Oct 02 20:19:30 +0000 2018,-0.4019,0.0,0.198,0.802,2
@CBSNews,Four members of a militant white supremacist group from California arrested for allegedly trying to incite a riot a‚Ä¶ https://t.co/aKBtg8Eq9d,Tue Oct 02 19:59:51 +0000 2018,-0.7351,0.065,0.289,0.647,3
@CBSNews,"""We listened to our critics"": Jeff Bezos, the richest man in the world, is now supporting the Fight for $15 minimum‚Ä¶ https://t.co/4azhZnlB2w",Tue Oct 02 19:39:35 +0000 2018,0.5719,0.226,0.093,0.681,4
@CBSNews,"RT @CBSThisMorning: You‚Äôll be getting a text from President Trump beginning Wednesday at 2:18 p.m. ET -- and no, you can‚Äôt opt out: https:/‚Ä¶",Tue Oct 02 19:37:36 +0000 2018,-0.296,0.0,0.091,0.909,5
@CBSNews,"Two packages with suspected ricin sent to Pentagon ‚Äî one addressed to Defense Secretary James Mattis, the other to‚Ä¶ https://t.co/wAwmKaqxqQ",Tue Oct 02 19:19:50 +0000 2018,-0.1027,0.074,0.093,0.833,6
@CBSNews,"""CBS This Morning"" co-hosts share their favorite podcast interviews https://t.co/XO3U1JlYPy https://t.co/8LItumc33V",Tue Oct 02 18:59:59 +0000 2018,0.6369,0.366,0.0,0.634,7
@CBSNews,HAPPENING NOW: President Trump is speaking at a convention in Philadelphia amid Supreme Court fight‚Ä¶ https://t.co/aQYYKPpRbF,Tue Oct 02 18:59:35 +0000 2018,0.5574,0.205,0.0,0.795,8
@CBSNews,WATCH: Democratic Senators address Kavanaugh controversy https://t.co/8U8OrI51bu https://t.co/Jxk8XDRyal,Tue Oct 02 18:43:18 +0000 2018,0.0,0.0,0.0,1.0,9
@CBSNews,Kids cost parents most when they're adults https://t.co/yKoDu2eU4j https://t.co/pHgEd4jgoQ,Tue Oct 02 18:39:42 +0000 2018,0.0,0.0,0.0,1.0,10
@CBSNews,WATCH: GOP Senators are addressing the FBI's investigation of Kavanaugh and accusations against him‚Ä¶ https://t.co/eDunEYr8fh,Tue Oct 02 18:32:02 +0000 2018,-0.3182,0.0,0.141,0.859,11
@CBSNews,Helicopter called to Penn State tailgate after crowd becomes rowdy https://t.co/QepCAEuZBg https://t.co/fICFVsww2Y,Tue Oct 02 18:19:38 +0000 2018,0.0,0.0,0.0,1.0,12
@CBSNews,4 members of white supremacist group arrested in violent 2017 Charlottesville rally https://t.co/xc6hJHLVXY https://t.co/teljuGsfnn,Tue Oct 02 18:14:47 +0000 2018,-0.7579,0.081,0.378,0.541,13
@CBSNews,"TAILGATE TERROR: When the crowd outside the Penn State-Ohio State game began assaulting police horses, the state po‚Ä¶ https://t.co/qb8GmnQlgP",Tue Oct 02 17:58:38 +0000 2018,-0.8143,0.0,0.304,0.696,14
@CBSNews,"President Trump: ""I remember my college days, everybody was drinking. It was like normal. I was abnormal. It was to‚Ä¶ https://t.co/5Wj2T3dCDz",Tue Oct 02 17:32:54 +0000 2018,0.3612,0.116,0.0,0.884,15
@CBSNews,President Trump: It's a scary time for young men. https://t.co/T86FLolQGG https://t.co/9Hu3XzYzXV,Tue Oct 02 17:31:10 +0000 2018,-0.4939,0.0,0.262,0.738,16
@CBSNews,"WATCH: Pres. Trump says new trade deal with Canada and Mexico has gotten ""tremendous reviews.""‚Ä¶ https://t.co/BB0ldk4W52",Tue Oct 02 17:24:02 +0000 2018,0.0,0.0,0.0,1.0,17
@CBSNews,"RT @CBSThisMorning: As the #CTMPodcast celebrates two years this week, @GayleKing, @jdickerson and @NorahODonnell share their favorite epis‚Ä¶",Tue Oct 02 16:49:55 +0000 2018,0.836,0.372,0.0,0.628,18
@CBSNews,"U.N. nuke agency won't take Israel leader Benjamin Netanyahu's Iran allegations ""at face value""‚Ä¶ https://t.co/aIcXZHp9bI",Tue Oct 02 16:44:32 +0000 2018,0.0,0.0,0.0,1.0,19
@CBSNews,WATCH: Rep. Nancy Pelosi addresses Kavanaugh accusations as FBI investigates Supreme Court nominee‚Ä¶ https://t.co/Su6kGEq4II,Tue Oct 02 16:34:18 +0000 2018,0.3182,0.201,0.128,0.67,20
@CBSNews,Man wins $1 million in New Jersey lottery using fortune cookie numbers https://t.co/DcxRkf7HbJ https://t.co/ORS9M9ssh0,Tue Oct 02 16:29:54 +0000 2018,0.5719,0.222,0.0,0.778,21
@CBSNews,The first ladies exchanged gifts and sat for a private tea for 30 minutes at Ghana's presidential palace on Tuesday‚Ä¶ https://t.co/9jG0U8sHX2,Tue Oct 02 16:15:12 +0000 2018,0.0,0.0,0.0,1.0,22
@CBSNews,"Officials urge citizens not to approach murder suspect Kirby Wallace if seen, but to call authorities‚Ä¶ https://t.co/jOTGn6RPlN",Tue Oct 02 16:08:44 +0000 2018,0.1948,0.125,0.084,0.791,23
@CBSNews,WATCH: Officials give an update on the manhunt for a murder suspect accused of killing two people in northern Tenne‚Ä¶ https://t.co/cmFOzvRkJI,Tue Oct 02 16:04:53 +0000 2018,-0.926,0.0,0.458,0.542,24
@CBSNews,Hundreds stranded on Baltic Sea ferry after engine failure https://t.co/8GXiZaEEzd https://t.co/rdcIBa0YKd,Tue Oct 02 16:00:53 +0000 2018,-0.5106,0.0,0.248,0.752,25
@CBSNews,Woman blinded in one eye by Brooks Koepka tee shot at Ryder Cup https://t.co/gRdtt4ljFe https://t.co/CSopiVfHX5,Tue Oct 02 15:59:58 +0000 2018,0.0,0.0,0.0,1.0,26
@CBSNews,"""America To Me"": School committed to diversity confronted with its own inequity https://t.co/cxoX1iLjoB https://t.co/OnYA0LqbHj",Tue Oct 02 15:44:38 +0000 2018,0.0772,0.132,0.113,0.755,27
@CBSNews,"Texas surf resort tested after surfer dies from ""brain-eating amoeba"" https://t.co/tSWdQ3Pxj2 https://t.co/WgssCx74Fo",Tue Oct 02 15:30:01 +0000 2018,0.0,0.0,0.0,1.0,28
@CBSNews,Dunkin' Donuts fires workers for dumping water on homeless man https://t.co/UCSmK1jYTs https://t.co/7UVWzUtU3Q,Tue Oct 02 15:14:45 +0000 2018,-0.3182,0.0,0.173,0.827,29
@CBSNews,This 8-year-old girl became a barber before starting 2nd grade. Now she gives free haircuts to neighborhood kids --‚Ä¶ https://t.co/oh9Abcagms,Tue Oct 02 15:00:53 +0000 2018,0.5106,0.155,0.0,0.845,30
@CBSNews,NEW RECORD: Brazil's Maya Gaberia rode a 68-foot wave in Portugal and nearly drowned en route to become a world rec‚Ä¶ https://t.co/a8aFLLiSDN,Tue Oct 02 14:41:04 +0000 2018,-0.5994,0.0,0.17,0.83,31
@CBSNews,"To kick off Breast Cancer Awareness Month, tennis great Serena Williams goes topless and sings ""I Touch Myself"" in‚Ä¶ https://t.co/vqomlhwLVI",Tue Oct 02 14:20:38 +0000 2018,-0.0772,0.155,0.166,0.679,32
@CBSNews,"Tom Petty's daughter reflects on the pain and catharsis of making ""An American Treasure"" https://t.co/a1td4pq6Ij https://t.co/jsFMhatEzZ",Tue Oct 02 14:00:38 +0000 2018,-0.2732,0.113,0.169,0.718,33
@CBSNews,"Senator Joni Ernst says her support of Judge Brett Kavanaugh shows women that ""we are innocent until proven guilty""‚Ä¶ https://t.co/pOLb7R0nLX",Tue Oct 02 13:40:50 +0000 2018,0.6249,0.221,0.0,0.779,34
@CBSNews,"""I‚Äôve been to a lot of [Trump] rallies, but this is a first."" Halloween came early at last night's rally in Tenness‚Ä¶ https://t.co/EzGcGBzLoi",Tue Oct 02 13:23:11 +0000 2018,0.0,0.0,0.0,1.0,35
@CBSNews,"Red tide likely spreads in Florida, causing breathing problems for beachgoers https://t.co/tJtDvv47BE https://t.co/jdGZ3QqiAv",Tue Oct 02 13:04:41 +0000 2018,-0.4019,0.0,0.184,0.816,36
@CBSNews,"For the first time ever on Wednesday, Americans nationwide will receive an alert on their cell phones from Presiden‚Ä¶ https://t.co/ye1HX0S8MP",Tue Oct 02 12:50:30 +0000 2018,0.296,0.104,0.0,0.896,37
@CBSNews,"A former top FBI official, who has been in contact with those involved in the Kavanaugh inquiry, described a ""war r‚Ä¶ https://t.co/MjG4ErCrJG",Tue Oct 02 12:47:31 +0000 2018,-0.4767,0.076,0.165,0.759,38
@CBSNews,"This 8-year-old girl became a barber before even starting the 2nd grade, and now gives free haircuts to neighborhoo‚Ä¶ https://t.co/RSNuWqHOcQ",Tue Oct 02 12:41:16 +0000 2018,0.5106,0.155,0.0,0.845,39
@CBSNews,Manhunt in Tennessee for suspect accused of killing 2 in violent crime spree https://t.co/P7fnkwitjY https://t.co/TLK55CaLl0,Tue Oct 02 12:34:53 +0000 2018,-0.9451,0.0,0.643,0.357,40
@CBSNews,"RT @AnthonyMasonCBS: A year ago today, we lost @TomPetty His daughter, Adria Petty, talks about ‚ÄúAn American Treasure,‚Äù the new boxed set t‚Ä¶",Tue Oct 02 12:33:51 +0000 2018,-0.4767,0.0,0.17,0.83,41
@CBSNews,"RT @NorahODonnell: ‚ÄúThese are the most courageous women I have ever met in my life. ... to see them sob like that, you understand the pain‚Ä¶",Tue Oct 02 12:21:45 +0000 2018,0.6361,0.205,0.066,0.729,42
@CBSNews,"RT @CBSThisMorning: ‚ÄúThis does expand opportunity for our dairy farmers, for eggs and poultry going into Canada. And it levels the playing‚Ä¶",Tue Oct 02 12:21:17 +0000 2018,0.6249,0.203,0.0,0.797,43
@CBSNews,RT @CBSThisMorning: ‚ÄúThe witnesses that she named have either denied those claims or cannot corroborate... I do believe that she has suffer‚Ä¶,Tue Oct 02 12:16:26 +0000 2018,-0.4404,0.0,0.127,0.873,44
@CBSNews,"RT @CBSThisMorning: For the first time ever on Wednesday, Americans nationwide will receive an alert on their cell phones from President Tr‚Ä¶",Tue Oct 02 12:15:59 +0000 2018,0.296,0.095,0.0,0.905,45
@CBSNews,RT @CBSThisMorning: ‚ÄúWhat message that sends to women in America is that we are innocent until proven guilty in this great country. And I h‚Ä¶,Tue Oct 02 12:15:59 +0000 2018,0.5719,0.215,0.092,0.693,46
@CBSNews,"Death toll in earthquake, tsunami death toll in Indonesia passes 1,200 as officials continue to look for victims‚Ä¶ https://t.co/Z6UR2lRMdP",Tue Oct 02 12:04:30 +0000 2018,-0.8316,0.0,0.315,0.685,47
@CBSNews,"RT @CBSThisMorning: .@Amazon announced this morning it will increase its minimum wage to $15 an hour. The change, starting next month, appl‚Ä¶",Tue Oct 02 11:53:35 +0000 2018,0.3182,0.099,0.0,0.901,48
@CBSNews,RT @CBSThisMorning: Last night the @CBSThisMorning team won an Emmy for @NorahODonnell's report on sexual assault in the United States Air‚Ä¶,Tue Oct 02 11:53:11 +0000 2018,0.4019,0.23,0.134,0.636,49
@CBSNews,"RT @NorahODonnell: COMING UP ON @CBSThisMorning - @SenJoniErnst speaks to us about the #Kavanaugh nomination: ""in the United States, people‚Ä¶",Tue Oct 02 11:53:11 +0000 2018,0.4215,0.135,0.0,0.865,50
@CBSNews,New Mexico Democratic congressional candidate showcases her gun skills in ad https://t.co/Mp26G3E7bu https://t.co/gM1WmKssyB,Tue Oct 02 11:50:43 +0000 2018,-0.34,0.0,0.167,0.833,51
@CBSNews,Tropical Storm Rosa set to drench Arizona and the Southwest with heavy rainfall https://t.co/YB5GFsmeXW https://t.co/n8HOVLmSug,Tue Oct 02 11:34:35 +0000 2018,0.0,0.0,0.0,1.0,52
@CBSNews,"RT @CBSThisMorning: ‚ÄúThis is another one of those cases where there is dread within the FBI‚Ä¶ No matter which way this goes, they're not goi‚Ä¶",Tue Oct 02 11:24:40 +0000 2018,-0.6249,0.039,0.184,0.777,53
@CBSNews,RT @CBSThisMorning: Indonesian authorities are desperately working to get food and other aid to victims of the devastating earthquake and t‚Ä¶,Tue Oct 02 11:24:13 +0000 2018,-0.8481,0.0,0.338,0.662,54
@CBSNews,RT @CBSThisMorning: Parts of the southwestern U.S. are bracing for possible flash flooding from Tropical Depression Rosa as it moves in fro‚Ä¶,Tue Oct 02 11:23:42 +0000 2018,-0.5719,0.0,0.15,0.85,55
@CBSNews,"Amazon says it will increase its minimum wage to $15 an hour for all U.S. workers, including part-time and temporar‚Ä¶ https://t.co/s80VZuMIRY",Tue Oct 02 11:20:22 +0000 2018,0.4588,0.174,0.0,0.826,56
@CBSNews,"A trio of American, Canadian, and French scientists have won the Nobel Prize in physics for their work with lasers‚Ä¶ https://t.co/xda48e7jlu",Tue Oct 02 11:09:37 +0000 2018,0.7906,0.28,0.0,0.72,57
@CBSNews,"RT @CBSThisMorning: We're live now with @GayleKing, @JDickerson and @NorahODonnell. Join us. https://t.co/YeIMpADEgL",Tue Oct 02 11:07:48 +0000 2018,0.296,0.155,0.0,0.845,58
@CBSNews,"Ahead on @CBSThisMorning; Tom Petty's daughter honors the iconic singer, a year after his death. We'll talk to Adri‚Ä¶ https://t.co/Tq9pTKqWgz",Tue Oct 02 10:50:48 +0000 2018,-0.1531,0.136,0.161,0.702,59
@CBSNews,"A former FBI top official describes a quote ""war room"" atmosphere around the Brett Kavanaugh inquiry. Learn what th‚Ä¶ https://t.co/NhIJVCzM5d",Tue Oct 02 10:40:41 +0000 2018,-0.4767,0.083,0.18,0.737,60
@CBSNews,Soccer star Cristiano Ronaldo sued by a Nevada woman who said he raped her in the penthouse suite of a Las Vegas ho‚Ä¶ https://t.co/IoAa4H9rLo,Tue Oct 02 10:25:35 +0000 2018,-0.6808,0.0,0.18,0.82,61
@CBSNews,"John Legend to release ""A Legendary Christmas"" album https://t.co/A8jA6syov9 https://t.co/kDf5dcvnqh",Tue Oct 02 10:03:03 +0000 2018,0.0,0.0,0.0,1.0,62
@CBSNews,FBI agent shot by booby-trapped wheelchair in fortified home https://t.co/DTf6q0eWUo https://t.co/pEZrWTsE64,Tue Oct 02 09:54:08 +0000 2018,0.0,0.0,0.0,1.0,63
@CBSNews,"""We got everybody out"": Medal of Honor recipient recalls harrowing battle https://t.co/TuqXSfABNg https://t.co/Fx0EV0R61o",Tue Oct 02 09:48:04 +0000 2018,0.5719,0.333,0.138,0.529,64
@CBSNews,Tropical Storm Rosa set to drench Arizona and the Southwest with heavy rainfall https://t.co/Z2PV7B0t4j https://t.co/kCemHZSLKe,Tue Oct 02 09:40:07 +0000 2018,0.0,0.0,0.0,1.0,65
@CBSNews,"Jon Batiste: ""You can't sit on the sidelines"" https://t.co/KIPN7Q81Tw https://t.co/RKPbpHjK6M",Tue Oct 02 09:33:04 +0000 2018,0.0,0.0,0.0,1.0,66
@CBSNews,Boy Scout dies after getting trapped in Michigan sand dune https://t.co/pxMfuPq6fc https://t.co/HMZOs0Um1u,Tue Oct 02 09:18:04 +0000 2018,-0.5267,0.0,0.236,0.764,67
@CBSNews,"Video captures runaway horse charging through sports bar, sending customers fleeing in panic https://t.co/Dhz6fk09D6 https://t.co/VjDqWkp8Vy",Tue Oct 02 09:03:04 +0000 2018,-0.5106,0.0,0.191,0.809,68
@CBSNews,White House authorizes broader FBI interviews in Kavanaugh review https://t.co/hxKjKl99fu https://t.co/N1xqrymc4o,Tue Oct 02 08:48:03 +0000 2018,0.0,0.0,0.0,1.0,69
@CBSNews,Why GE sacked CEO after just 14 months on the job https://t.co/QHobfSRYMc https://t.co/aC519jeJOV,Tue Oct 02 08:33:03 +0000 2018,0.0,0.0,0.0,1.0,70
@CBSNews,"Father, 2-year-old son among victims of Pennsylvania car explosion https://t.co/gaUrFMAFSf https://t.co/CYYS7tI6qT",Tue Oct 02 08:18:03 +0000 2018,-0.3182,0.0,0.187,0.813,71
@CBSNews,"French singer, actor Charles Aznavour dies at age 94 https://t.co/EMvDB0SUGO https://t.co/WwlEbNKrxV",Tue Oct 02 08:03:04 +0000 2018,0.0,0.0,0.0,1.0,72
@CBSNews,Paul McCartney reveals John Lennon's fear to 60 Minutes https://t.co/Eheq0qKXfv https://t.co/ZwIOw3VmFk,Tue Oct 02 07:48:03 +0000 2018,-0.4939,0.0,0.242,0.758,73
@CBSNews,"Senate candidate Mike Braun says Christine Blasey Ford's testimony ""sketchier"" than Kavanaugh's‚Ä¶ https://t.co/uyIuMbRPZI",Tue Oct 02 07:33:04 +0000 2018,0.0,0.0,0.0,1.0,74
@CBSNews,"Surfer dies from brain eating amoeba after visiting Waco, Texas, resort https://t.co/5B9ydgMFsl https://t.co/6PWtL75wTW",Tue Oct 02 07:18:02 +0000 2018,0.0,0.0,0.0,1.0,75
@CBSNews,"Soccer star Cristiano Ronaldo sued, accused of rape https://t.co/MhsSLGkQiq https://t.co/RPqOd52yoh",Tue Oct 02 07:10:06 +0000 2018,-0.7845,0.0,0.463,0.537,76
@CBSNews,"Trump says FBI should interview ""anybody they want"" in Kavanaugh review https://t.co/UNRuRmfc1d https://t.co/IliTSHCeL3",Tue Oct 02 07:03:04 +0000 2018,0.0772,0.098,0.0,0.902,77
@CBSNews,Vegas Strip lights dim as shooting's first anniversary marked https://t.co/6qVnzYyBjV https://t.co/NZhR4zSdwb,Tue Oct 02 06:58:06 +0000 2018,0.0,0.0,0.0,1.0,78
@CBSNews,6-year-old boy who can't play outside due to rare disease finds a friend in school resource officer‚Ä¶ https://t.co/WrPicae3oU,Tue Oct 02 06:48:04 +0000 2018,0.2878,0.158,0.101,0.741,79
@CBSNews,Commentary: Kavanaugh's confirmation process is not supposed to work this way https://t.co/Lq28wNaQV5 https://t.co/TpJEOq4sJr,Tue Oct 02 06:33:04 +0000 2018,0.0,0.0,0.0,1.0,80
@CBSNews,Officials confirm body found in creek is missing boy with autism https://t.co/IsqRvZMtmt https://t.co/dyG2shudCD,Tue Oct 02 06:18:03 +0000 2018,-0.296,0.0,0.155,0.845,81
@CBSNews,"Free college programs sound great, but do they work? https://t.co/uwCjexaW8u https://t.co/svajCOkZ0W",Tue Oct 02 06:03:03 +0000 2018,0.5719,0.343,0.0,0.657,82
@CBSNews,3rd Brett Kavanaugh accuser Julie Swetnick has history of legal disputes https://t.co/ossLPHBSFf https://t.co/503zG5A7DK,Tue Oct 02 05:48:03 +0000 2018,-0.1531,0.103,0.144,0.753,83
@CBSNews,"""We got everybody out"": Medal of Honor recipient recalls harrowing battle https://t.co/MDp1VHrT5I https://t.co/7MpWIu0fTI",Tue Oct 02 05:33:03 +0000 2018,0.5719,0.333,0.138,0.529,84
@CBSNews,Mother shot in Las Vegas shooting finally leaves hospital after nearly a year of recovery https://t.co/tXpTR57CxE https://t.co/HRYiNwfUS9,Tue Oct 02 05:18:03 +0000 2018,0.0,0.0,0.0,1.0,85
@CBSNews,North and South Korea begin removing mines along DMZ https://t.co/1dmsYy5yWN https://t.co/p9zHBtIS3C,Tue Oct 02 05:03:03 +0000 2018,0.0,0.0,0.0,1.0,86
@CBSNews,"Tropical Storm Rosa nears Baja, Southwestern U.S., carrying with it heavy rains https://t.co/Y9rLmMs78X https://t.co/KHs5041ca6",Tue Oct 02 04:48:04 +0000 2018,0.0,0.0,0.0,1.0,87
@CBSNews,"Some former students, employees say Apple co-founder's Woz U doesn't live up to promises https://t.co/Owipj97nMZ https://t.co/WaWNDm0era",Tue Oct 02 04:33:04 +0000 2018,0.3818,0.157,0.0,0.843,88
@CBSNews,HERO DELIVERY MAN: A pizza delivery driver was dropping off food at a home when he noticed a woman mouthing for hel‚Ä¶ https://t.co/htxkI498vB,Tue Oct 02 04:26:45 +0000 2018,0.6523,0.186,0.0,0.814,89
@CBSNews,GOP-hired prosecutor questions credibility of Kavanaugh accuser Christine Blasey Ford https://t.co/nZVkW9X9Yn https://t.co/Aw1t2FsOa4,Tue Oct 02 04:18:03 +0000 2018,0.0,0.0,0.0,1.0,90
@CBSNews,Boy Scout dies after getting trapped in Michigan sand dune https://t.co/w1SdXDGrEo https://t.co/GGxEZM3z7v,Tue Oct 02 04:03:04 +0000 2018,-0.5267,0.0,0.236,0.764,91
@CBSNews,"Soccer star Cristiano Renaldo sued, accused of rape https://t.co/zVb3udK8WB https://t.co/sBSVB6cdO1",Tue Oct 02 04:00:33 +0000 2018,-0.7845,0.0,0.463,0.537,92
@CBSNews,High school football player dies after injury during game https://t.co/wxARIsVnDw https://t.co/AuU90plKqL,Tue Oct 02 03:48:03 +0000 2018,-0.4215,0.0,0.219,0.781,93
@CBSNews,Dunkin' Donuts workers suspended over dumping water on homeless man https://t.co/rgzPieo2ll https://t.co/nD3Dk77twE,Tue Oct 02 03:33:04 +0000 2018,-0.6597,0.0,0.351,0.649,94
@CBSNews,White House authorizes broader FBI interviews in Kavanaugh review https://t.co/Oh1XwQ4ZLM https://t.co/0qc2nJ9EcN,Tue Oct 02 03:18:04 +0000 2018,0.0,0.0,0.0,1.0,95
@CBSNews,"Father, 2-year-old son among victims of Pennsylvania car explosion https://t.co/diEyx0is2B https://t.co/hJoe2KXkVc",Tue Oct 02 03:03:03 +0000 2018,-0.3182,0.0,0.187,0.813,96
@CBSNews,"Boy Scout, 12, dies after being hit by alleged drunk driver on Long Island https://t.co/tPtmylg3ak https://t.co/iEdlt3HV7u",Tue Oct 02 03:02:07 +0000 2018,-0.34,0.0,0.138,0.862,97
@CBSNews,"To celebrate NASA's 60th anniversary, the agency dropped a 60-second video detailing their biggest moments. It's ou‚Ä¶ https://t.co/4ikUsGTNSr",Tue Oct 02 02:39:49 +0000 2018,0.5719,0.188,0.0,0.812,98
@CBSNews,"Video captures runaway horse charging through sports bar, sending customers fleeing in panic https://t.co/wjNV4rNsqd https://t.co/EthgPMudGq",Tue Oct 02 02:19:31 +0000 2018,-0.5106,0.0,0.191,0.809,99
@CBSNews,Border Patrol agent pleads guilty to starting wildfire in gender-reveal party stunt gone awry‚Ä¶ https://t.co/pJPswpSH2m,Tue Oct 02 02:00:32 +0000 2018,-0.0258,0.146,0.151,0.703,100
@CNN,The organization that oversees Georgia high school sports said that there is no evidence of negligence in the death‚Ä¶ https://t.co/eGC4qVnTDU,Tue Oct 02 20:41:02 +0000 2018,-0.296,0.0,0.104,0.896,1
@CNN,Sen. Bernie Sanders praises Jeff Bezos after Amazon announced it is raising its minimum wage at both Amazon and Who‚Ä¶ https://t.co/UmiEakLw26,Tue Oct 02 20:34:42 +0000 2018,0.7003,0.274,0.0,0.726,2
@CNN,An off-duty border patrol agent planned to shoot a rifle at a target containing a highly explosive substance reveal‚Ä¶ https://t.co/93lZ8OLYsY,Tue Oct 02 20:31:07 +0000 2018,-0.34,0.0,0.13,0.87,3
@CNN,"RT @CNNnewsroom: ""The performance, the behavior, was quite out of bounds,"" says @HillaryClinton, of Brett Kavanaugh's hearing, adding ""ther‚Ä¶",Tue Oct 02 20:23:29 +0000 2018,0.0,0.0,0.0,1.0,4
@CNN,"Roger Stone built a ""dirty trickster"" image. Now Robert Mueller might build a case on it https://t.co/wK9kAPZ9Tt https://t.co/GKiyqoSmgM",Tue Oct 02 20:21:06 +0000 2018,-0.5859,0.0,0.255,0.745,5
@CNN,"The New York Times said it should not have allowed a staff writer who had tweeted negatively about Brett Kavanaugh,‚Ä¶ https://t.co/LscfaTCDoS",Tue Oct 02 20:11:05 +0000 2018,0.0,0.0,0.0,1.0,6
@CNN,"There‚Äôs no way to know the fate of Brett Kavanaugh‚Äôs Supreme Court nomination, but here are four ways it could play‚Ä¶ https://t.co/og7j03QBso",Tue Oct 02 20:01:06 +0000 2018,0.1779,0.096,0.067,0.837,7
@CNN,"RT @CNNnewsroom: ‚ÄúThe processes in place in the Senate were followed, the same way as they should be now,‚Äù says @SenatorRounds of compariso‚Ä¶",Tue Oct 02 20:00:44 +0000 2018,0.0,0.0,0.0,1.0,8
@CNN,Tencent Music has filed plans to go public in the United States in what could be one the biggest IPOs by a Chinese‚Ä¶ https://t.co/ydZ6GkewGn,Tue Oct 02 19:51:04 +0000 2018,0.4215,0.113,0.0,0.887,9
@CNN,"A dean at the Catholic University of America has been suspended over tweets that ""called into question the validity‚Ä¶ https://t.co/QsBUkmRwGg",Tue Oct 02 19:41:03 +0000 2018,-0.4767,0.0,0.147,0.853,10
@CNN,"RT @CNNnewsroom: ‚ÄúThe FBI needs to do a full investigation determining his veracity,‚Äù says Sen. @BernieSanders of the FBI‚Äôs Kavanaugh probe‚Ä¶",Tue Oct 02 19:35:09 +0000 2018,0.0,0.0,0.0,1.0,11
@CNN,RT @CNNPolitics: The fate of Brett Kavanaugh‚Äôs Supreme Court nomination is a complete toss-up right now. Watch The Point with CNN‚Äôs Chris C‚Ä¶,Tue Oct 02 19:34:49 +0000 2018,0.5574,0.146,0.0,0.854,12
@CNN,The Emerald Bay Maritime Heritage Trail just opened to scuba divers and snorkelers who want to see sunken historic‚Ä¶ https://t.co/dmQgoV0YAl,Tue Oct 02 19:31:00 +0000 2018,0.0772,0.064,0.0,0.936,13
@CNN,"Four men have been charged with inciting rioting and assaulting counterprotesters at last year's deadly ""Unite the‚Ä¶ https://t.co/JshchPAyBY",Tue Oct 02 19:29:41 +0000 2018,-0.6249,0.0,0.242,0.758,14
@CNN,"Sen. Bernie Sanders, who has previously criticized Amazon's treatment of its workers, praised CEO Jeff Bezos Tuesda‚Ä¶ https://t.co/OQaWxDaspA",Tue Oct 02 19:21:07 +0000 2018,0.1779,0.147,0.115,0.737,15
@CNN,President Trump is speaking at a convention for the National Electrical Contractors Association. Watch on Facebook:‚Ä¶ https://t.co/HrQ4JXLc2S,Tue Oct 02 19:14:18 +0000 2018,0.0,0.0,0.0,1.0,16
@CNN,Donald Trump's Stormy Daniels story just keeps collapsing | Analysis by @CillizzaCNN https://t.co/sGLK7MEB1T https://t.co/216tUqje2H,Tue Oct 02 19:10:46 +0000 2018,-0.296,0.0,0.155,0.845,17
@CNN,"Trump: ""It is a very scary time for young men in America, where you can be guilty of something you may not be guilt‚Ä¶ https://t.co/l2pxQXaJmr",Tue Oct 02 19:05:16 +0000 2018,-0.7425,0.0,0.222,0.778,18
@CNN,"Sen. Graham on Brett Kavanaugh: ""If his nomination were to fall short, I would encourage President Trump to re-nomi‚Ä¶ https://t.co/AyJv6IRgGn",Tue Oct 02 18:52:18 +0000 2018,0.5106,0.155,0.0,0.845,19
@CNN,Sen. Lindsey Graham said he believes Supreme Court nominee Brett Kavanaugh will be confirmed ‚Äî but he encouraged Pr‚Ä¶ https://t.co/mpnKdMNqRY,Tue Oct 02 18:41:14 +0000 2018,0.6757,0.246,0.0,0.754,20
@CNN,More than 100 people who survived the Las Vegas shooting one year ago gathered Monday night at the site of the Rout‚Ä¶ https://t.co/4YlRHldgC7,Tue Oct 02 18:40:05 +0000 2018,0.5106,0.13,0.0,0.87,21
@CNN,Texas Senate candidate Beto O'Rourke apologized Monday for once writing a critical review of a Broadway musical in‚Ä¶ https://t.co/2zdNpePx4s,Tue Oct 02 18:30:05 +0000 2018,0.0,0.117,0.117,0.765,22
@CNN,Supreme Court nominee Brett Kavanaugh will not be teaching at Harvard Law School in January 2019. The school inform‚Ä¶ https://t.co/D0sUrwu6oa,Tue Oct 02 18:20:06 +0000 2018,0.5574,0.159,0.0,0.841,23
@CNN,Police say two men broke into a UPS facility in Memphis and stole 400 guns https://t.co/2wHXR0vrFs https://t.co/18VuKDenZW,Tue Oct 02 18:10:09 +0000 2018,-0.4215,0.0,0.157,0.843,24
@CNN,"The oldest known animal in the geological record has been identified, in a discovery that scientists are calling ""t‚Ä¶ https://t.co/41viLOx2Oe",Tue Oct 02 18:00:22 +0000 2018,0.0,0.0,0.0,1.0,25
@CNN,"‚ÄúIt‚Äôs part of our culture to examine ourselves, see if we're doing the right thing.‚Äù Jay Carney, Amazon‚Äôs senior vi‚Ä¶ https://t.co/je8OCsldah",Tue Oct 02 17:52:53 +0000 2018,0.0,0.0,0.0,1.0,26
@CNN,The third congressional district in West Virginia voted overwhelmingly for President Trump in the 2016 election. Bu‚Ä¶ https://t.co/xXxo1cl255,Tue Oct 02 17:46:55 +0000 2018,-0.128,0.0,0.081,0.919,27
@CNN,President Trump: ‚ÄúIt‚Äôs a very scary time for young men in America when you can be guilty of something that you may‚Ä¶ https://t.co/rjzYxQ9BPl,Tue Oct 02 17:39:03 +0000 2018,-0.7425,0.0,0.239,0.761,28
@CNN,Brazilian surfer Maya Gabeira just set a new Guinness World Record for the largest wave ever surfed by a woman‚Ä¶ https://t.co/dYQqWT7FPg,Tue Oct 02 17:31:14 +0000 2018,0.0,0.0,0.0,1.0,29
@CNN,Lake Tahoe visitors can now explore the lake's underwater exhibits via the Emerald Bay Maritime Heritage Trail‚Ä¶ https://t.co/bnJENbgQFF,Tue Oct 02 17:21:18 +0000 2018,0.0,0.0,0.0,1.0,30
@CNN,"These satellite images show how entire neighborhoods, and even a bridge, were wiped away in Friday's deadly earthqu‚Ä¶ https://t.co/XlypMByEvL",Tue Oct 02 17:18:34 +0000 2018,0.0,0.0,0.0,1.0,31
@CNN,"Missouri has lost track of more than 1,200 sex offenders and other states have a similar problem‚Ä¶ https://t.co/5FnjxevtZt",Tue Oct 02 16:59:59 +0000 2018,-0.5859,0.0,0.242,0.758,32
@CNN,"President Trump inspires less trust around the world than many other international leaders, including autocrats lik‚Ä¶ https://t.co/pEEJWtGCzd",Tue Oct 02 16:33:14 +0000 2018,0.7102,0.283,0.0,0.717,33
@CNN,"A piece of mail delivered to the Pentagon mail facility has initially tested positive for ricin, according to two U‚Ä¶ https://t.co/vffm8qjXzq",Tue Oct 02 16:21:06 +0000 2018,0.5574,0.159,0.0,0.841,34
@CNN,"An off-duty border patrol agent wanted an explosive gender reveal party for his family and friends, but he ended up‚Ä¶ https://t.co/ySghCNPg3b",Tue Oct 02 16:15:15 +0000 2018,0.4404,0.17,0.0,0.83,35
@CNN,"Amazon is raising its minimum wage to $15 an hour for all US employees, benefitting more than 250,000, plus 100,000‚Ä¶ https://t.co/2tjXel32nf",Tue Oct 02 16:00:02 +0000 2018,0.5574,0.195,0.0,0.805,36
@CNN,An official transcript distributed on Monday evening showed the President telling ABC reporter Cecelia Vega she was‚Ä¶ https://t.co/DbE0WVqt8s,Tue Oct 02 15:54:48 +0000 2018,0.0,0.0,0.0,1.0,37
@CNN,The White House has officially corrected the record on an insulting remark President Trump made toward a female rep‚Ä¶ https://t.co/ZOtlYHuPeX,Tue Oct 02 15:51:27 +0000 2018,-0.4939,0.0,0.151,0.849,38
@CNN,Here's why elephants have cracks in their skin https://t.co/8T4et3Pnnh https://t.co/3Eh0INfBV3,Tue Oct 02 15:36:56 +0000 2018,0.0,0.0,0.0,1.0,39
@CNN,Sen. Jeff Flake says his Kavanaugh vote depends on the FBI probe results https://t.co/lyYtYQD9rM https://t.co/ZMWFA0BiDx,Tue Oct 02 15:21:19 +0000 2018,0.0,0.0,0.0,1.0,40
@CNN,Health officials are 'very worried' as African swine fever spreads in Europe and Asia https://t.co/Q948Q06KRA https://t.co/uOrXBb0tMJ,Tue Oct 02 15:10:45 +0000 2018,-0.3597,0.0,0.143,0.857,41
@CNN,Mark Judge's lawyer says the FBI has completed its interview of him. He's a key witness to the alleged incident bet‚Ä¶ https://t.co/u3KHNdfD01,Tue Oct 02 14:56:56 +0000 2018,0.0,0.0,0.0,1.0,42
@CNN,RT @CNNnewsroom: New satellite footage from above Indonesia shows the extent of the damage from the earthquake and tsunami that hit the nat‚Ä¶,Tue Oct 02 14:47:18 +0000 2018,-0.4939,0.0,0.127,0.873,43
@CNN,"Death toll rises to 1,234 following Friday's devastating earthquake and tsunami in the Indonesian city of Palu, acc‚Ä¶ https://t.co/aTcY3YrRn9",Tue Oct 02 14:45:08 +0000 2018,-0.8481,0.0,0.325,0.675,44
@CNN,Sen. Bernie Sanders praises Jeff Bezos after Amazon announced it is raising its minimum wage at both Amazon and Who‚Ä¶ https://t.co/HDtbnJoobu,Tue Oct 02 14:30:28 +0000 2018,0.7003,0.274,0.0,0.726,45
@CNN,Amazon is increasing its minimum wage to $15 an hour for all US employees effective November 1. The increase applie‚Ä¶ https://t.co/7wdZW3IAJU,Tue Oct 02 14:20:11 +0000 2018,0.7269,0.283,0.0,0.717,46
@CNN,"An off-duty border patrol agent wanted an explosive gender reveal party for his family and friends, but he ended up‚Ä¶ https://t.co/13EbcuYzod",Tue Oct 02 14:16:39 +0000 2018,0.4404,0.17,0.0,0.83,47
@CNN,How Trump landed his biggest trade win yet https://t.co/KsCURtdxXU https://t.co/EVu6GvJXLO,Tue Oct 02 14:06:24 +0000 2018,0.5859,0.297,0.0,0.703,48
@CNN,A Georgia high school football player who came out of a game Friday night with an injury and then lost consciousnes‚Ä¶ https://t.co/QqVp8VPJmy,Tue Oct 02 13:51:40 +0000 2018,-0.6249,0.0,0.221,0.779,49
@CNN,14 midterm races that could change America | via @CNNopinion https://t.co/UCSk6My02W,Tue Oct 02 13:40:06 +0000 2018,0.0,0.0,0.0,1.0,50
@CNN,"At 120 years old, the Star Ferry is Hong Kong's oldest form of public transportation -- and the company's green and‚Ä¶ https://t.co/GxDna7LY1l",Tue Oct 02 13:30:00 +0000 2018,0.0,0.0,0.0,1.0,51
@CNN,"Today's top business headlines with @ChristineRomans before the opening bell on Wall Street:

- Dow, S&amp;P 500 rise o‚Ä¶ https://t.co/dRT2SI1tCJ",Tue Oct 02 13:22:26 +0000 2018,0.2023,0.091,0.0,0.909,52
@CNN,"Opposite-sex couples in England and Wales will be able to have civil partnerships instead of getting married, endin‚Ä¶ https://t.co/ZPt5r6SsWk",Tue Oct 02 13:10:07 +0000 2018,0.0,0.0,0.0,1.0,53
@CNN,"""I know the name of the boy who assaulted me. I have no reason to disrupt his life, even though mine has been upend‚Ä¶ https://t.co/gAYDWTXIjH",Tue Oct 02 13:00:07 +0000 2018,-0.6808,0.0,0.203,0.797,54
@CNN,"Two notable things about today's Nobel Prize in Physics:

‚Ä¢ Donna Strickland is the first woman in 55 years to win,‚Ä¶ https://t.co/lrXyzuGeGj",Tue Oct 02 12:53:28 +0000 2018,0.5106,0.142,0.0,0.858,55
@CNN,President Trump was personally involved in an effort to prevent adult film actress Stormy Daniels from publicly dis‚Ä¶ https://t.co/DT9kNgwIKH,Tue Oct 02 12:40:06 +0000 2018,0.0258,0.058,0.0,0.942,56
@CNN,A hunter in Alaska was hospitalized after the bear he shot rolled on top of him https://t.co/fMDNQ7jCqc https://t.co/zn41lWEid4,Tue Oct 02 12:31:04 +0000 2018,0.2023,0.101,0.0,0.899,57
@CNN,More than 100 people who survived the Las Vegas shooting one year ago gathered Monday night at the site of the Rout‚Ä¶ https://t.co/zRv0SrNVEB,Tue Oct 02 12:30:06 +0000 2018,0.5106,0.13,0.0,0.87,58
@CNN,Texas Senate candidate Beto O'Rourke apologized Monday for once writing a critical review of a Broadway musical in‚Ä¶ https://t.co/bCjQqeH6S1,Tue Oct 02 12:20:07 +0000 2018,0.0,0.117,0.117,0.765,59
@CNN,"These satellite images show how entire neighborhoods, and even a bridge, were wiped away in Friday's deadly earthqu‚Ä¶ https://t.co/earveq5DV7",Tue Oct 02 12:10:10 +0000 2018,0.0,0.0,0.0,1.0,60
@CNN,Amazon says it is increasing its minimum wage to $15 an hour for all US employees effective November 1. The increas‚Ä¶ https://t.co/7v1feIHOdU,Tue Oct 02 12:06:21 +0000 2018,0.5859,0.194,0.0,0.806,61
@CNN,Supreme Court nominee Brett Kavanaugh will not be teaching at Harvard Law School in January 2019. The school inform‚Ä¶ https://t.co/CPEV4qYRWd,Tue Oct 02 11:56:12 +0000 2018,0.5574,0.159,0.0,0.841,62
@CNN,"President Trump inspires less trust around the world than many other international leaders, including autocrats lik‚Ä¶ https://t.co/MnJootWNQj",Tue Oct 02 11:40:07 +0000 2018,0.7102,0.283,0.0,0.717,63
@CNN,"Rape allegations against Cristiano Ronaldo 'not fake news,' says accuser's lawyer https://t.co/VQNypII2qQ https://t.co/FrUzevjGJ0",Tue Oct 02 11:30:09 +0000 2018,-0.4847,0.14,0.257,0.603,64
@CNN,LAX will permit fliers to bring small amounts of legal marijuana through security in their carry-on bags‚Ä¶ https://t.co/ev5lV6PN8o,Tue Oct 02 11:22:28 +0000 2018,0.4404,0.196,0.0,0.804,65
@CNN,"5 things for Tuesday: 

- Brett Kavanaugh
- Indonesia
- Bump stocks
- Macedonia
- Southwest weather‚Ä¶ https://t.co/ADXgtqFmCR",Tue Oct 02 11:10:36 +0000 2018,0.0,0.0,0.0,1.0,66
@CNN,"Death toll rises to 1,234 following Friday's devastating earthquake and tsunami in the Indonesian city of Palu, acc‚Ä¶ https://t.co/1ZoXe3GDhC",Tue Oct 02 11:01:46 +0000 2018,-0.8481,0.0,0.325,0.675,67
@CNN,Mark Judge  -- the man who has been named as a witness to the alleged incident between Supreme Court nominee Brett‚Ä¶ https://t.co/6Ceej80k8f,Tue Oct 02 10:52:05 +0000 2018,0.5574,0.153,0.0,0.847,68
@CNN,"An off-duty border patrol agent wanted an explosive gender reveal party for his family and friends, but he ended up‚Ä¶ https://t.co/6kSAPXC2o9",Tue Oct 02 10:44:47 +0000 2018,0.4404,0.17,0.0,0.83,69
@CNN,JUST IN: Amazon says it is increasing its minimum wage to $15 an hour for all US employees effective November 1. Th‚Ä¶ https://t.co/2U853WZAP9,Tue Oct 02 10:27:53 +0000 2018,0.5859,0.186,0.0,0.814,70
@CNN,How Trump landed his biggest trade win yet https://t.co/aS3kVXoFC2 https://t.co/Aelj4InflV,Tue Oct 02 10:20:09 +0000 2018,0.5859,0.297,0.0,0.703,71
@CNN,Washington holds its breath as the FBI investigates Kavanaugh | Analysis by @CillizzaCNN https://t.co/i3EbetiWJA https://t.co/NpYHIWdfSj,Tue Oct 02 10:13:16 +0000 2018,0.0,0.0,0.0,1.0,72
@CNN,JUST IN: The 2018 Nobel Prize in Physics celebrates groundbreaking laser inventions. It's shared between three phys‚Ä¶ https://t.co/nl1NJjYktw,Tue Oct 02 10:11:24 +0000 2018,0.8555,0.385,0.0,0.615,73
@CNN,"Welcome to football's sonic revolution?

Germany's Bayern Munich is exploring the relationship between crowd noise‚Ä¶ https://t.co/SskEmqb4z6",Tue Oct 02 09:59:00 +0000 2018,0.4588,0.167,0.0,0.833,74
@CNN,"What's on the menu? 

Locust souffl√©. Mealworm chocolate truffles. Caterpillar lasagna.

Promoting insects as tasty‚Ä¶ https://t.co/1zR07skcIt",Tue Oct 02 09:53:04 +0000 2018,0.3612,0.143,0.0,0.857,75
@CNN,"""If you have other opinions, they put you in jail."" 

Rwandan opposition leader Victoire Ingabire has been released‚Ä¶ https://t.co/LCLIK3JbsA",Tue Oct 02 09:28:07 +0000 2018,0.0,0.0,0.0,1.0,76
@CNN,"RT @cnni: ""If you have other opinions, they put you in jail."" 

Rwandan opposition leader Victoire Ingabire has been released from jail. Sh‚Ä¶",Tue Oct 02 09:18:33 +0000 2018,0.0,0.0,0.0,1.0,77
@CNN,Health officials are 'very worried' as African swine fever spreads in Europe and Asia https://t.co/GWs6r7GiCV https://t.co/nZgNFDywkK,Tue Oct 02 08:57:53 +0000 2018,-0.3597,0.0,0.143,0.857,78
@CNN,"An explosive gender reveal party in Arizona ended up igniting a wildfire that spread over 47,000 acres https://t.co/G6nyIrypWe",Tue Oct 02 08:56:03 +0000 2018,0.4019,0.144,0.0,0.856,79
@CNN,"The number of people killed by the earthquake and tsunami that hit Sulawesi, Indonesia is now at least 1,234, Indon‚Ä¶ https://t.co/CFH0U0SOVz",Tue Oct 02 08:36:53 +0000 2018,-0.6369,0.052,0.181,0.766,80
@CNN,Are you tall? Better watch out for varicose veins https://t.co/EaCLdBmsF4 https://t.co/9FvRdFI4si,Tue Oct 02 08:01:06 +0000 2018,0.4404,0.225,0.0,0.775,81
@CNN,Nobel Prize in Medicine winner James Allison received a phone call from former VP Joe Biden congratulating him on w‚Ä¶ https://t.co/50esqVTdeQ,Tue Oct 02 08:01:00 +0000 2018,0.7964,0.283,0.0,0.717,82
@CNN,"JUST IN: 1,234 people have been confirmed dead following the earthquake and tsunami that struck Sulawesi, Indonesia https://t.co/O0j7to7esF",Tue Oct 02 07:40:59 +0000 2018,-0.743,0.0,0.283,0.717,83
@CNN,"A pair of conjoined twins have been flown from Bhutan to Australia, where doctors hope they will be able to operate‚Ä¶ https://t.co/C0ffIvFAd7",Tue Oct 02 07:12:15 +0000 2018,0.4404,0.127,0.0,0.873,84
@CNN,LAX will permit fliers to bring small amounts of legal marijuana through security in their carry-on bags -- but tha‚Ä¶ https://t.co/SouRr0nDME,Tue Oct 02 07:01:03 +0000 2018,0.2382,0.134,0.0,0.866,85
@CNN,"Investigators are searching for answers at the scene of a car explosion that killed three people in Pennsylvania, i‚Ä¶ https://t.co/ZeFW25niQj",Tue Oct 02 06:57:38 +0000 2018,-0.6705,0.0,0.2,0.8,86
@CNN,"48% of US voters say the Senate should not vote to confirm Supreme Court nominee Brett Kavanaugh, up from 42% who s‚Ä¶ https://t.co/f1adxl51YL",Tue Oct 02 06:31:04 +0000 2018,0.5574,0.141,0.0,0.859,87
@CNN,Land O'Lakes CEO Beth Ford explains why US farmers may need more certainty from the Trump Administration around tra‚Ä¶ https://t.co/uuRMS4N6KJ,Tue Oct 02 06:16:00 +0000 2018,0.3167,0.108,0.0,0.892,88
@CNN,"An explosive gender reveal party in Arizona ended up igniting a wildfire that spread over 47,000 acres https://t.co/rFSbHvETJW",Tue Oct 02 06:11:44 +0000 2018,0.4019,0.144,0.0,0.856,89
@CNN,"Monday marks the end of an era at Goldman Sachs, with Lloyd Blankfein officially being replaced as CEO by David Sol‚Ä¶ https://t.co/ImMzRmv5u0",Tue Oct 02 05:46:00 +0000 2018,0.0,0.0,0.0,1.0,90
@CNN,"At 120 years old, the Star Ferry is Hong Kong's oldest form of public transportation -- and the company's green and‚Ä¶ https://t.co/fDvs6WGJjA",Tue Oct 02 05:16:00 +0000 2018,0.0,0.0,0.0,1.0,91
@CNN,"RT @CNNMoney: McDonald's will no longer include artificial preservatives, flavors or coloring in its burgers https://t.co/zKxtUAgIEs https:‚Ä¶",Tue Oct 02 05:11:55 +0000 2018,-0.296,0.0,0.121,0.879,92
@CNN,"Tropical Storm Rosa is forecast to make landfall early Tuesday, with more than 11 million people under a flash floo‚Ä¶ https://t.co/VAuY0JjUyR",Tue Oct 02 04:53:29 +0000 2018,0.0,0.0,0.0,1.0,93
@CNN,"A new way of looking at soccer matches has arrived -- through fan energy. Using acoustic camera technology, stadium‚Ä¶ https://t.co/WrA1rgndGv",Tue Oct 02 04:46:00 +0000 2018,0.5267,0.206,0.0,0.794,94
@CNN,American James Allison and Japan's Tasuku Honjo have won the 2018 Nobel Prize in Medicine for a pioneering new appr‚Ä¶ https://t.co/4d2F0g04O8,Tue Oct 02 04:31:04 +0000 2018,0.7906,0.28,0.0,0.72,95
@CNN,There are lots of hurdles to overcome when bringing a sexual assault case to the courtroom https://t.co/vnJ7fAyqdZ,Tue Oct 02 04:28:23 +0000 2018,-0.5859,0.0,0.202,0.798,96
@CNN,President Trump awarded the Medal of Honor to former Army medic staff Sgt. Ronald Shurer II https://t.co/2Dw93LxrmH https://t.co/disQSOzVrT,Tue Oct 02 04:16:00 +0000 2018,0.8402,0.375,0.0,0.625,97
@CNN,"RT @CNNTonight: Whether or not Brett Kavanaugh is confirmed is at about 50/50 at this point, says author @dkaplan007.

It depends on what t‚Ä¶",Tue Oct 02 04:02:50 +0000 2018,0.0,0.0,0.0,1.0,98
@CNN,"""I wouldn't wish it even on my worst enemy."" Immigrant moms write letters from detention, saying that even after be‚Ä¶ https://t.co/fN4YdKQ5Qq",Tue Oct 02 04:01:05 +0000 2018,-0.8342,0.0,0.33,0.67,99
@CNN,"Supreme Court nominee Brett Kavanaugh was accused of starting a bar fight while he was a student at Yale, according‚Ä¶ https://t.co/XomipPDxPz",Tue Oct 02 03:57:35 +0000 2018,-0.0516,0.148,0.197,0.656,100
@FoxNews,"Kentucky @GovMattBevin on new USMCA trade deal: ""This is what's been needed."" #Cavuto https://t.co/MG8lruv6MB",Tue Oct 02 20:48:33 +0000 2018,0.0,0.0,0.0,1.0,1
@FoxNews,"Kentucky @GovMattBevin on the Russia probe: ""It's floundering, trying to find some semblance of relevance."" #Cavuto https://t.co/ELPhzLpoww",Tue Oct 02 20:44:31 +0000 2018,0.0,0.0,0.0,1.0,2
@FoxNews,"Sen. @JimInhofe: ""With all the accusations out there, no one has corroborated on anything."" #Cavuto https://t.co/KYxlRbHDyA",Tue Oct 02 20:37:04 +0000 2018,-0.5423,0.0,0.243,0.757,3
@FoxNews,"Georgetown professor suspended by Twitter after call for ‚Äòdeaths‚Äô of GOP senators, Kavanaugh. https://t.co/P0TbwOpL9i",Tue Oct 02 20:34:06 +0000 2018,-0.4767,0.0,0.193,0.807,4
@FoxNews,RT @FoxBusiness: #BreakingNews: The Dow Jones Industrial Average closed at a record high. It is the 102nd record close for the Dow since El‚Ä¶,Tue Oct 02 20:09:06 +0000 2018,0.0,0.0,0.0,1.0,5
@FoxNews,.@ShepNewsTeam is live with the ‚ÄòFox News Update‚Äô on Facebook Watch: https://t.co/Sb2cju6RMf https://t.co/CffEDcSSiF,Tue Oct 02 20:05:40 +0000 2018,0.0,0.0,0.0,1.0,6
@FoxNews,President @realDonaldTrump speaks in Philadelphia five weeks ahead of midterm elections https://t.co/50tdnoBuvD,Tue Oct 02 20:01:31 +0000 2018,0.0,0.0,0.0,1.0,7
@FoxNews,Envelopes sent to Pentagon test positive for ricin https://t.co/ycpmvkw9X2 https://t.co/4T8m9zVA5C,Tue Oct 02 19:57:42 +0000 2018,0.5574,0.286,0.0,0.714,8
@FoxNews,"Clinton accuser Juanita Broaddrick demands FBI probe on Clinton rape claim, amid Kavanaugh furor (via‚Ä¶ https://t.co/OZ0UPF8q4k",Tue Oct 02 19:49:20 +0000 2018,-0.6908,0.0,0.239,0.761,9
@FoxNews,Ford's team says they have reached out to @FBI multiple times and still have not been contacted‚Ä¶ https://t.co/Hvmdppf3tL,Tue Oct 02 19:39:02 +0000 2018,0.1027,0.076,0.0,0.924,10
@FoxNews,"JUST IN: @SecPompeo to meet with Kim Jong Un on Sunday, State Department announces https://t.co/nCxViRI6Ea https://t.co/ypVLI14Ijo",Tue Oct 02 19:35:25 +0000 2018,0.0,0.0,0.0,1.0,11
@FoxNews,".@POTUS: ""After years of rebuilding foreign countries, we are finally rebuilding our country.""‚Ä¶ https://t.co/bWfBmPHwq5",Tue Oct 02 19:27:33 +0000 2018,0.0,0.0,0.0,1.0,12
@FoxNews,".@POTUS: ""We're straightening out some of these horrible deals that stole our wealth, stole our jobs, stole so much‚Ä¶ https://t.co/MHizs8flTH",Tue Oct 02 19:22:19 +0000 2018,-0.0772,0.13,0.142,0.729,13
@FoxNews,".@POTUS: ""NAFTA was one of the worst trade deals ever made in any country at any time, and now we have a great trad‚Ä¶ https://t.co/GK9JGU7Nfc",Tue Oct 02 19:16:58 +0000 2018,0.0,0.136,0.136,0.728,14
@FoxNews,".@POTUS: ""We're in the midst of a manufacturing renaissance."" https://t.co/xhAj9J19k5",Tue Oct 02 19:12:54 +0000 2018,0.0,0.0,0.0,1.0,15
@FoxNews,".@POTUS: ""The stock market...is at an all-time high today."" https://t.co/jdiXb1UtWs",Tue Oct 02 19:08:05 +0000 2018,0.0,0.0,0.0,1.0,16
@FoxNews,".@POTUS: ""This is really an incredible time for our nation. We are respected again."" https://t.co/EXN4HZooEy",Tue Oct 02 19:05:06 +0000 2018,0.4767,0.181,0.0,0.819,17
@FoxNews,"GOP hoping to flip Montana seat red, @pdoocy reports https://t.co/q4ke8uWN2v",Tue Oct 02 19:01:35 +0000 2018,0.4215,0.237,0.0,0.763,18
@FoxNews,".@HillaryClinton: ""For anyone who believes there's such a thing as a judicial temperament and that we want judges,‚Ä¶ https://t.co/cR0Npgb03k",Tue Oct 02 18:56:13 +0000 2018,0.0772,0.075,0.0,0.925,19
@FoxNews,.@POTUS makes remarks on the economy and tax reform at the annual convention for the National Electrical Contractor‚Ä¶ https://t.co/6OW3HRYPdV,Tue Oct 02 18:55:22 +0000 2018,0.0,0.0,0.0,1.0,20
@FoxNews,".@senatemajldr: ""We will be voting this week on the Kavanaugh nomination."" https://t.co/IBAR6gJ0oX https://t.co/SK5Ibvi3qq",Tue Oct 02 18:44:35 +0000 2018,0.0,0.0,0.0,1.0,21
@FoxNews,Two envelopes testing positive for ricin sent to the Pentagon https://t.co/ycpmvkw9X2 https://t.co/QLW6DFVq73,Tue Oct 02 18:41:42 +0000 2018,0.5574,0.247,0.0,0.753,22
@FoxNews,".@LindseyGrahamSC on Kavanaugh confirmation battle: ""This is bottom. If this is not bottom, help us all."" https://t.co/RoyP0v5RWr",Tue Oct 02 18:34:58 +0000 2018,-0.5938,0.0,0.245,0.755,23
@FoxNews,".@LindseyGrahamSC: ""I think it's a scary time for principles."" https://t.co/XibC8DrcXl",Tue Oct 02 18:32:32 +0000 2018,-0.4939,0.0,0.286,0.714,24
@FoxNews,".@LindseyGrahamSC on Kavanaugh confirmation battle: ""To me, this is such an emotional event now. Give the public as‚Ä¶ https://t.co/WbzIp5I2Q9",Tue Oct 02 18:24:02 +0000 2018,-0.25,0.075,0.123,0.802,25
@FoxNews,".@LindseyGrahamSC on Kavanaugh confirmation battle: ""If this is the new normal, God help us all."" https://t.co/Jwo2XmnDV1",Tue Oct 02 18:19:44 +0000 2018,0.296,0.235,0.127,0.637,26
@FoxNews,"Senate Judiciary Committee blasts report as ""last-ditch effort to derail the nomination"" https://t.co/KvzekNAX5M",Tue Oct 02 18:16:52 +0000 2018,-0.296,0.0,0.155,0.845,27
@FoxNews,.@senatemajldr Mitch McConnell prepares for full Senate vote on Kavanaugh nomination to Supreme Court‚Ä¶ https://t.co/2XSuefytII,Tue Oct 02 18:11:14 +0000 2018,0.5574,0.205,0.0,0.795,28
@FoxNews,.@HillaryClinton speaks at Day 1 of The Atlantic Festival https://t.co/wi4p8hdpba,Tue Oct 02 18:09:19 +0000 2018,0.4939,0.286,0.0,0.714,29
@FoxNews,"On @AmericaNewsroom, Republican U.S. Senate candidate @JohnJamesMI discussed the impact of the Kavanaugh confirmati‚Ä¶ https://t.co/mrt0PArQ1V",Tue Oct 02 17:58:01 +0000 2018,0.0,0.0,0.0,1.0,30
@FoxNews,Flag Shredded by Hurricane Florence Auctioned for $10K in Honor of Late Family Member https://t.co/7vhCH3RvmX,Tue Oct 02 17:45:51 +0000 2018,0.4939,0.186,0.0,0.814,31
@FoxNews,"JUST IN: Two people were taken to the hospital after being exposed to a ""white powdery substance"" at Sen. Ted Cruz'‚Ä¶ https://t.co/WgIo5udhvJ",Tue Oct 02 17:42:45 +0000 2018,-0.0772,0.0,0.061,0.939,32
@FoxNews,".@POTUS: ‚ÄúMy whole life I‚Äôve heard, ‚Äòyou‚Äôre innocent until proven guilty,‚Äô but now you‚Äôre guilty until proven innoc‚Ä¶ https://t.co/uf94qyXIGy",Tue Oct 02 17:36:48 +0000 2018,-0.4588,0.076,0.165,0.759,33
@FoxNews,".@POTUS: ‚ÄúI thought he did very well. He‚Äôs fighting very hard for his reputation, for his family.‚Äù https://t.co/dIUvNLwZdl",Tue Oct 02 17:31:35 +0000 2018,-0.2648,0.11,0.204,0.687,34
@FoxNews,.@POTUS: ‚ÄúA lot is going to depend on what comes back from the FBI‚Ä¶ I think that Judge Kavanaugh is doing very well‚Ä¶ https://t.co/0eWXr7XR83,Tue Oct 02 17:30:26 +0000 2018,0.0,0.0,0.0,1.0,35
@FoxNews,.@POTUS: ‚ÄúI think the Democrats are going to like the trade bill.‚Äù https://t.co/q25ClXoHS4,Tue Oct 02 17:27:04 +0000 2018,0.3612,0.172,0.0,0.828,36
@FoxNews,.@POTUS: ‚ÄúThe deal we‚Äôve made with Canada and Mexico has gotten tremendous reviews.‚Äù https://t.co/z0RJNJF7rQ,Tue Oct 02 17:26:17 +0000 2018,0.0,0.0,0.0,1.0,37
@FoxNews,"President @realDonaldTrump departs Joint Base Andrews, heading to Philadelphia, Pennsylvania. https://t.co/d1tGHtx6Wz",Tue Oct 02 17:21:33 +0000 2018,0.0,0.0,0.0,1.0,38
@FoxNews,.@RepLeeZeldin: ‚ÄúWhat we‚Äôre seeing right now is a politicization of the confirmation process and strategically to p‚Ä¶ https://t.co/kcpZgRy4Ur,Tue Oct 02 17:19:38 +0000 2018,0.0,0.0,0.0,1.0,39
@FoxNews,"US restricts same-sex visas for diplomat partners, sets January deadline to get married or get out https://t.co/Dd5CQA0wKO",Tue Oct 02 17:13:46 +0000 2018,-0.3182,0.0,0.126,0.874,40
@FoxNews,Kudlow: Trump's US-Mexico-Canada Trade Agreement 'Sends a Message to China' https://t.co/LHNNQfg5cy,Tue Oct 02 16:50:00 +0000 2018,0.4939,0.262,0.0,0.738,41
@FoxNews,.@CharlesHurt: ‚ÄúThe number of people in the FBI who seem to think they are not answerable to anyone‚Ä¶ it‚Äôs staggerin‚Ä¶ https://t.co/oAaLdodXg2,Tue Oct 02 16:45:00 +0000 2018,0.0772,0.061,0.0,0.939,42
@FoxNews,"Children waves American and Ghana flags during an arrival ceremony for @FLOTUS in Accra, Ghana on Tuesday. The firs‚Ä¶ https://t.co/SKhwR6lw5C",Tue Oct 02 16:40:03 +0000 2018,0.0,0.0,0.0,1.0,43
@FoxNews,"JUST IN: At least two packages sent to Pentagon suspected to contain ricin, official says https://t.co/7tOqvOD7Gt",Tue Oct 02 16:32:34 +0000 2018,-0.2263,0.0,0.112,0.888,44
@FoxNews,".@senatemajldr: ‚ÄúThe Senate will vote on Judge Kavanaugh here on this floor, this week.‚Äù https://t.co/IBAR6gJ0oX https://t.co/TVtNcYiQZq",Tue Oct 02 16:07:39 +0000 2018,0.0,0.0,0.0,1.0,45
@FoxNews,Horse wanders into French bar after breaking loose at racetrack https://t.co/qYBlWqT3nz https://t.co/zv2vXATyGX,Tue Oct 02 16:04:00 +0000 2018,-0.3182,0.0,0.173,0.827,46
@FoxNews,.@senatemajldr Mitch McConnell slammed Democrats on Tuesday amid the @FBI's probe of the allegations leveled agains‚Ä¶ https://t.co/xfnjX8A0zI,Tue Oct 02 16:01:08 +0000 2018,0.0,0.0,0.0,1.0,47
@FoxNews,.@RepAndyBiggsAZ: ‚ÄúI think [Rod Rosenstein] should resign.‚Äù https://t.co/9bFeg7AiXZ,Tue Oct 02 15:50:44 +0000 2018,0.0,0.0,0.0,1.0,48
@FoxNews,"Matilda, Trump face off in new statue display commemorating 30th anniversary of children's book‚Ä¶ https://t.co/rQeGAvfhkv",Tue Oct 02 15:39:47 +0000 2018,0.0,0.0,0.0,1.0,49
@FoxNews,Dow climbs to all-time intraday high https://t.co/oV3TSY6fwu https://t.co/amScPA3AqH,Tue Oct 02 15:33:04 +0000 2018,0.0,0.0,0.0,1.0,50
@FoxNews,State of play on Kavanaugh confirmation: @senatemajldr preparing to hold votes https://t.co/IBAR6gJ0oX https://t.co/z5JWMtZrvP,Tue Oct 02 15:24:46 +0000 2018,0.34,0.167,0.0,0.833,51
@FoxNews,"Brett Kavanaugh's friend Mark Judge interviewed by @FBI, lawyer reveals https://t.co/CdJ3N1fU2X https://t.co/jFB0t3Cish",Tue Oct 02 15:18:06 +0000 2018,0.4939,0.225,0.0,0.775,52
@FoxNews,.@FBI has not contacted Dr. Ford for interview https://t.co/CdJ3N1fU2X https://t.co/Bm3Z8uXijK,Tue Oct 02 15:10:47 +0000 2018,0.0,0.0,0.0,1.0,53
@FoxNews,U.S. stocks surge on new trade deal https://t.co/w7zJkrq8sb https://t.co/YKPYW7t5z0,Tue Oct 02 15:07:27 +0000 2018,0.0,0.0,0.0,1.0,54
@FoxNews,".@JohnJamesMI: ""Most people around the country are sick and tired of the partisanship‚Äî we need more leadership in W‚Ä¶ https://t.co/x8zdT2OLK2",Tue Oct 02 14:54:35 +0000 2018,-0.7351,0.0,0.256,0.744,55
@FoxNews,".@JohnJamesMI: ""I promise that I will lead in Washington the way I led in Baghdad‚Äî I didn't fight for Democrats or‚Ä¶ https://t.co/q7XzoiCgur",Tue Oct 02 14:52:56 +0000 2018,0.5399,0.209,0.0,0.791,56
@FoxNews,".@JMfreespeech: ""Any effort, I think to limit [the @FBI investigation], even if the Democrats are accused of delayi‚Ä¶ https://t.co/ToKp2ybHcl",Tue Oct 02 14:47:57 +0000 2018,-0.296,0.0,0.115,0.885,57
@FoxNews,.@FLOTUS Melania Trump arrives in Ghana for first solo international trip as first lady https://t.co/z9TCGT2dRN https://t.co/oiv7srrrrX,Tue Oct 02 14:41:05 +0000 2018,0.0,0.0,0.0,1.0,58
@FoxNews,".@SenSchumer: ""We hope that there [are] still no limitations on the @FBI investigation...They'd asked for it to be‚Ä¶ https://t.co/Cwagxa61cl",Tue Oct 02 14:36:06 +0000 2018,0.1779,0.131,0.1,0.769,59
@FoxNews,".@SenSchumer: ""Accusing Democrats of needlessly delaying a Supreme Court nomination is galling, is hypocritical com‚Ä¶ https://t.co/6IjDxJ6tiY",Tue Oct 02 14:27:28 +0000 2018,-0.0258,0.177,0.232,0.591,60
@FoxNews,".@senatemajldr: ""[Democrats] will not be satisfied unless they have brought down Judge Kavanaugh's nomination."" https://t.co/XhF4yT8X2p",Tue Oct 02 14:17:54 +0000 2018,-0.3252,0.0,0.143,0.857,61
@FoxNews,".@senatemajldr: ""Democrats may be trying to move the goalposts every five minutes, but their goal has not moved an‚Ä¶ https://t.co/VebJ9eETXi",Tue Oct 02 14:13:40 +0000 2018,0.0,0.0,0.0,1.0,62
@FoxNews,.@senatemajldr speaks on Senate floor https://t.co/ftGAZsTWi6,Tue Oct 02 14:10:19 +0000 2018,0.0,0.0,0.0,1.0,63
@FoxNews,".@SenTomCotton: ""The Democrats are engaged in an orchestrated smear campaign to assassinate Brett Kavanaugh's chara‚Ä¶ https://t.co/m7904cHs4o",Tue Oct 02 14:08:00 +0000 2018,0.0516,0.141,0.13,0.729,64
@FoxNews,"Larry Kudlow on new trade deal: ""We made a good deal in everybody's interest and that's why it's succeeding.""‚Ä¶ https://t.co/KgYVbHWNFW",Tue Oct 02 14:04:42 +0000 2018,0.7096,0.258,0.0,0.742,65
@FoxNews,"Larry Kudlow on new trade deal: ""These are very good things for the U.S. economy. @POTUS has basically delivered on‚Ä¶ https://t.co/dJ4BLoJNlp",Tue Oct 02 14:00:27 +0000 2018,0.4927,0.138,0.0,0.862,66
@FoxNews,".@SenTomCotton on the FBI investigation: ""This is not about trying to get the facts or get the proof, it's about tr‚Ä¶ https://t.co/YCoik61fk7",Tue Oct 02 13:56:45 +0000 2018,0.0,0.0,0.0,1.0,67
@FoxNews,"RT @FoxBusiness: US wage growth hits 17-month high
https://t.co/G1cgUj8Ula",Tue Oct 02 13:55:12 +0000 2018,0.3818,0.245,0.0,0.755,68
@FoxNews,".@jonathanvswan: ""They are all in on [Kavanaugh]. There is no plan B before the midterms."" https://t.co/LhyXGjxGA5 https://t.co/w9e3NBPd1Q",Tue Oct 02 13:54:09 +0000 2018,-0.296,0.0,0.128,0.872,69
@FoxNews,.@senatemajldr vows Kavanaugh vote this week https://t.co/LhyXGjxGA5 https://t.co/avtXjV3Ns5,Tue Oct 02 13:49:55 +0000 2018,0.0,0.0,0.0,1.0,70
@FoxNews,"Disabled man, 60, fights to keep Pennsylvania home as community rallies to raise funds https://t.co/p1AAhx8NX2",Tue Oct 02 13:20:00 +0000 2018,-0.4019,0.0,0.162,0.838,71
@FoxNews,.@FLOTUS visiting hospital in Ghana today @foxandfriends https://t.co/aygJcx2w58,Tue Oct 02 13:15:00 +0000 2018,0.0,0.0,0.0,1.0,72
@FoxNews,"President @realDonaldTrump want ""comprehensive"" but ""quick"" @FBI investigation into Brett Kavanaugh‚Ä¶ https://t.co/SQHgq83IQ7",Tue Oct 02 13:14:18 +0000 2018,0.0387,0.095,0.0,0.905,73
@FoxNews,.@SusanLiTV on Amazon raising minimum wage @foxandfriends https://t.co/D6cCKo9lZt https://t.co/bxJb7Pqmy9,Tue Oct 02 13:03:08 +0000 2018,0.1779,0.175,0.0,0.825,74
@FoxNews,".@FLOTUS embraces Lillian Naa Adai Sai, 8, as she receives flowers upon arriving in Accra, Ghana. https://t.co/3xxGtLDYBU",Tue Oct 02 13:00:01 +0000 2018,0.0,0.0,0.0,1.0,75
@FoxNews,People form a human chain around the shuttered site of a country music festival where a gunman opened fire on the f‚Ä¶ https://t.co/tz8JfPvNms,Tue Oct 02 12:45:00 +0000 2018,0.2023,0.136,0.102,0.763,76
@FoxNews,"RT @FoxBusiness: .@WhiteHouseCEA's Kevin Hassett on new trade deal: ""I think this is something that'll get broad bipartisan support."" https‚Ä¶",Tue Oct 02 12:29:18 +0000 2018,0.0,0.0,0.0,1.0,77
@FoxNews,"RT @FoxBusiness: .@WhiteHouseCEA's Kevin Hassett on new trade deal: ""This deal is really, really putting a lot of pressure on China."" https‚Ä¶",Tue Oct 02 12:27:15 +0000 2018,-0.296,0.0,0.099,0.901,78
@FoxNews,.@lizpeek: ‚ÄúIt‚Äôs good for the American people.‚Äù @FoxFriendsFirst https://t.co/BjLbDdDCAH,Tue Oct 02 12:25:00 +0000 2018,0.4404,0.266,0.0,0.734,79
@FoxNews,"RT @FoxBusiness: .@WhiteHouseCEA's Kevin Hassett on new trade deal: ""We just sort of won the Super Bowl, but all three countries did becaus‚Ä¶",Tue Oct 02 12:24:58 +0000 2018,0.5652,0.181,0.0,0.819,80
@FoxNews,RT @FoxBusiness: Trump's new trade deal: What to know  https://t.co/DB4jY4PEBw,Tue Oct 02 12:04:33 +0000 2018,0.0,0.0,0.0,1.0,81
@FoxNews,.@POTUS awards Medal of Honor to former Army medic https://t.co/zoivKAtVPx @FoxFriendsFirst https://t.co/xqjNrW18jM,Tue Oct 02 12:00:01 +0000 2018,0.8519,0.508,0.0,0.492,82
@FoxNews,Kimmel snubs Matt Damon during Kavanaugh recap https://t.co/h1YFw06pBW https://t.co/OZtP9gn5xF,Tue Oct 02 11:45:00 +0000 2018,-0.4767,0.0,0.279,0.721,83
@FoxNews,RT @FoxBusiness: Amazon hikes minimum wage to $15 for all US employees https://t.co/pBHCLY6UFz,Tue Oct 02 11:31:55 +0000 2018,0.1779,0.124,0.0,0.876,84
@FoxNews,Louis C.K. embraced by crowd at NYC comedy club during try at comeback: report https://t.co/swFftYzKu4 https://t.co/kBy06wUeBT,Tue Oct 02 11:30:00 +0000 2018,0.3612,0.143,0.0,0.857,85
@FoxNews,The USMCA trade deal https://t.co/w7zJkr8x3B @FoxFriendsFirst https://t.co/5qzaJvP60H,Tue Oct 02 11:20:00 +0000 2018,0.0,0.0,0.0,1.0,86
@FoxNews,.@FLOTUS arrives in Ghana @foxandfriends https://t.co/5nCRcyMdas,Tue Oct 02 11:15:00 +0000 2018,0.0,0.0,0.0,1.0,87
@FoxNews,"New trade deal between U.S., Canada, and Mexico @FoxFriendsFirst https://t.co/w7zJkrq8sb https://t.co/zNToDwuj9U",Tue Oct 02 11:07:02 +0000 2018,0.0,0.0,0.0,1.0,88
@FoxNews,"Death toll in Indonesian earthquake, tsunami at 1,234 https://t.co/A6BMWLXISF https://t.co/2yZiO0nbRX",Tue Oct 02 10:46:54 +0000 2018,-0.5994,0.0,0.302,0.698,89
@FoxNews,.@FLOTUS arrives in Africa  https://t.co/YXm6vM914w,Tue Oct 02 10:28:37 +0000 2018,0.0,0.0,0.0,1.0,90
@FoxNews,"Sen. @LindseyGrahamSC on if Kavanaugh loses a Senate floor vote: ""I would re-nominate him and I would take this cas‚Ä¶ https://t.co/SD4CalBkHt",Tue Oct 02 10:15:00 +0000 2018,-0.3182,0.0,0.113,0.887,91
@FoxNews,.@CarleyShimkus is live with the ‚ÄòFox News Update‚Äô on Facebook Watch: https://t.co/hNrB8xzepH https://t.co/7z0YGalzFy,Tue Oct 02 10:10:11 +0000 2018,0.0,0.0,0.0,1.0,92
@FoxNews,What's next in Kavanaugh confirmation process? https://t.co/j2fXccWY9C,Tue Oct 02 10:10:00 +0000 2018,0.0,0.0,0.0,1.0,93
@FoxNews,".@POTUS on Monday awarded the Medal of Honor to former Staff Sgt. Ronald J. Shurer II, a @USArmy medic and Green Be‚Ä¶ https://t.co/V5jpWcXFYr",Tue Oct 02 10:00:01 +0000 2018,0.8402,0.321,0.0,0.679,94
@FoxNews,.@SenFeinstein released a statement late Monday denying claims she or her staff leaked the allegation letter from D‚Ä¶ https://t.co/j4KHpleAn5,Tue Oct 02 09:45:00 +0000 2018,-0.5719,0.0,0.227,0.773,95
@FoxNews,"Sec. @stevenmnuchin1: ""This is going to bring jobs back to America."" #SpecialReport https://t.co/BgqMVAvzXW https://t.co/ew8JzUMzFj",Tue Oct 02 09:15:00 +0000 2018,0.0,0.0,0.0,1.0,96
@FoxNews,"Brett Kavanaugh's friend Mark Judge interviewed by FBI, lawyer reveals. https://t.co/gZzP1EQtb4",Tue Oct 02 09:00:01 +0000 2018,0.4939,0.242,0.0,0.758,97
@FoxNews,".@POTUS during a rally Monday night: ""Democrats are willing to do anything, and to hurt anyone, to get their way, l‚Ä¶ https://t.co/JsI9IBoxEe",Tue Oct 02 08:45:00 +0000 2018,-0.5267,0.0,0.145,0.855,98
@FoxNews,Far-left cartoonist accused of targeting Kavanaugh's 10-year-old daughter in vicious cartoon. https://t.co/SMR07HoBrl,Tue Oct 02 08:15:00 +0000 2018,-0.5719,0.0,0.32,0.68,99
@FoxNews,WOW: A homecoming king gave his crown away to an autistic student after he ran on the field when the winners were a‚Ä¶ https://t.co/0cNdH1VUQy,Tue Oct 02 08:00:00 +0000 2018,0.824,0.267,0.0,0.733,100
@nytimes,"As the 1980s ended, Donald Trump‚Äôs big bets began to go bust. Trump Shuttle was failing to make loan payments withi‚Ä¶ https://t.co/fdTcY4KG0e",Tue Oct 02 20:45:22 +0000 2018,-0.5106,0.0,0.136,0.864,1
@nytimes,"In President Trump‚Äôs version of how he got rich, he parlayed a $1 million loan from his father into a $10 billion e‚Ä¶ https://t.co/balhaT0Y0q",Tue Oct 02 20:35:13 +0000 2018,0.5574,0.146,0.0,0.854,2
@nytimes,"We hope you have time to read the complete investigation by @DavidBarstow, @SusanneCraig and @RussBuettner. But if‚Ä¶ https://t.co/3KRrQ19354",Tue Oct 02 20:25:18 +0000 2018,0.2382,0.103,0.0,0.897,3
@nytimes,What emerges from this body of evidence is a financial biography of the 45th president fundamentally at odds with t‚Ä¶ https://t.co/gsJyG94wEH,Tue Oct 02 20:14:17 +0000 2018,0.0,0.0,0.0,1.0,4
@nytimes,The New York Times‚Äôs findings are based on interviews with Fred Trump‚Äôs former employees and advisers and more than‚Ä¶ https://t.co/LHEXeqxf5t,Tue Oct 02 19:44:52 +0000 2018,0.0,0.0,0.0,1.0,5
@nytimes,"Trump declined repeated requests over several weeks to comment for this article. But a lawyer for Trump, Charles J.‚Ä¶ https://t.co/Pf01JULG2i",Tue Oct 02 19:40:35 +0000 2018,0.0,0.0,0.0,1.0,6
@nytimes,President Trump has sold himself as a self-made billionaire but a Times investigation found that he received more t‚Ä¶ https://t.co/lhuCsng9Wi,Tue Oct 02 19:26:51 +0000 2018,0.0,0.0,0.0,1.0,7
@nytimes,"Primera Air, a small low-cost airline, filed for bankruptcy and ceased flying on Monday night, leaving hundreds of‚Ä¶ https://t.co/PIC0H5zEEW",Tue Oct 02 18:50:05 +0000 2018,0.0,0.0,0.0,1.0,8
@nytimes,"If you're looking to help victims of the earthquake and tsunami that struck Indonesia, here is some guidance, and a‚Ä¶ https://t.co/1P56jAWnkU",Tue Oct 02 18:35:04 +0000 2018,-0.1531,0.108,0.172,0.72,9
@nytimes,"RT @Nate_Cohn: Virginia 2, final. Taylor (R, inc) 49, Luria (D) 41
This is probably our best result for the Republicans in weeks. Didn't ex‚Ä¶",Tue Oct 02 18:10:06 +0000 2018,0.6369,0.149,0.0,0.851,10
@nytimes,"""Rather than clarifying the cause of a murky issue, 'toxic' often does the opposite,"" writes Lauren Oyler https://t.co/kL0A7ZeKKj",Tue Oct 02 18:00:10 +0000 2018,0.0,0.0,0.0,1.0,11
@nytimes,RT @rudoren: ‚ÄòWhat the (Insert Extreme Word of Choice) Is Going On Over There?‚Äô   The imitable ‚Å¶@sarahlyall‚Å© helps readers outside the US u‚Ä¶,Tue Oct 02 17:50:04 +0000 2018,0.3818,0.106,0.0,0.894,12
@nytimes,"In an election year that has included alarming portents of global warming, the one place that climate change rarely‚Ä¶ https://t.co/urPRErl29O",Tue Oct 02 17:45:08 +0000 2018,0.0258,0.076,0.071,0.853,13
@nytimes,RT @nytvideo: About 70 percent of immigrants in U.S. prisons are being overseen by privately held companies. How did this happen? @RetroRep‚Ä¶,Tue Oct 02 17:35:02 +0000 2018,0.0,0.0,0.0,1.0,14
@nytimes,"Saving money, especially right after college, seems impossible. But the sooner you start, the easier it is. We prom‚Ä¶ https://t.co/G52mYPrQvS",Tue Oct 02 17:25:02 +0000 2018,0.5719,0.163,0.0,0.837,15
@nytimes,Plants. A fresh coat of paint. Mementos. Here's how recent college graduates make shoe-box-size spaces feel like ho‚Ä¶ https://t.co/REeASBGj20,Tue Oct 02 17:10:02 +0000 2018,0.5859,0.231,0.0,0.769,16
@nytimes,"RT @patrickhealynyt: Pretty cool: Alex Burns, one of our best NY Times political reporters, is texting first-hand insights, intel &amp; experie‚Ä¶",Tue Oct 02 17:00:12 +0000 2018,0.8658,0.35,0.0,0.65,17
@nytimes,Before and after photos show the destruction left in the wake of an earthquake and resulting tsunami that struck In‚Ä¶ https://t.co/en0SsepBam,Tue Oct 02 16:50:04 +0000 2018,-0.6908,0.0,0.231,0.769,18
@nytimes,"RT @Nate_Cohn: Arizona 2, final. Kirkpatrick (D) 50, Marquez Peterson (R) 39
This seat was already thought to lean Democratic, though there‚Ä¶",Tue Oct 02 16:40:07 +0000 2018,0.0,0.0,0.0,1.0,19
@nytimes,"Tesla said Tuesday that it produced 80,142 cars in the 3rd quarter, a 50% rise from the 2nd quarter https://t.co/t6K5iAxKKi",Tue Oct 02 16:30:11 +0000 2018,0.0,0.0,0.0,1.0,20
@nytimes,"RT @nytopinion: The new leading presidential candidate in the polls in Brazil is a former military officer, Jair Bolsonaro, a far-right can‚Ä¶",Tue Oct 02 16:20:03 +0000 2018,0.0,0.0,0.0,1.0,21
@nytimes,"The FBI has completed its interview of Mark Judge. In a statement, Judge's lawyer said, ‚ÄúMr. Judge completed his FB‚Ä¶ https://t.co/FbpaysTbBh",Tue Oct 02 16:10:04 +0000 2018,0.0,0.0,0.0,1.0,22
@nytimes,"RT @nytimesbooks: A Ted Talk leads to a confession ‚Äî ""my mother was a heroin addict"" ‚Äî which leads to a graphic memoir by Jarrett J. Krosoc‚Ä¶",Tue Oct 02 16:00:11 +0000 2018,-0.4939,0.0,0.138,0.862,23
@nytimes,"Time‚Äôs Up, the initiative created by women in Hollywood in response to the #MeToo movement, named Lisa Borders, pre‚Ä¶ https://t.co/UKIQYEuDcA",Tue Oct 02 15:45:05 +0000 2018,0.25,0.095,0.0,0.905,24
@nytimes,RT @karenyourish: Just four of more than two dozen potential witnesses were on the Republicans‚Äô initial list to the FBI. https://t.co/Vz0dl‚Ä¶,Tue Oct 02 15:30:13 +0000 2018,0.0,0.0,0.0,1.0,25
@nytimes,"After the Ivy League changed its kickoff rules in 2016, adjusting the kickoff and touchback lines by just five yard‚Ä¶ https://t.co/HsMtMQKylJ",Tue Oct 02 15:15:08 +0000 2018,0.0,0.0,0.0,1.0,26
@nytimes,"If Bob Woodward, journalist and author of ‚ÄúFear: Trump in the White House,‚Äù was hosting a literary dinner party, wh‚Ä¶ https://t.co/s60u9QU0HU",Tue Oct 02 15:00:12 +0000 2018,0.4019,0.124,0.0,0.876,27
@nytimes,"RT @emmagf: After six driver suicides in New York, taxi drivers are talking more openly about depression. ‚ÄúWhen you have nothing to do, we‚Ä¶",Tue Oct 02 14:46:04 +0000 2018,-0.6077,0.0,0.147,0.853,28
@nytimes,"""There's a narrative of what rape looks like and what kind of person you have to be to be a victim or a perpetrator‚Ä¶ https://t.co/npXtxzuDU1",Tue Oct 02 14:30:12 +0000 2018,-0.6486,0.088,0.24,0.671,29
@nytimes,RT @rpogrebin: We got the police report: Kavanaugh was involved in a bar fight at Yale in 1985 @benprotess @emilybazelon @RebeccaRuiz @Stev‚Ä¶,Tue Oct 02 14:16:03 +0000 2018,-0.3818,0.0,0.115,0.885,30
@nytimes,"RT @nytimesbusiness: Tesla Model 3 production is up, but the company is still having trouble delivering the cars to drivers https://t.co/lK‚Ä¶",Tue Oct 02 14:07:04 +0000 2018,-0.5499,0.0,0.157,0.843,31
@nytimes,A New York City bus driver involved in a fatal accident with a cyclist was found guilty of failing to yield the rig‚Ä¶ https://t.co/bfN9OccWZE,Tue Oct 02 14:00:12 +0000 2018,-0.9136,0.0,0.428,0.572,32
@nytimes,Here's everything you need to know for the midterm elections https://t.co/Wsqhk4vNN1,Tue Oct 02 13:45:08 +0000 2018,0.0,0.0,0.0,1.0,33
@nytimes,"""I think the character is incredibly important, maybe now more than ever,"" said the writer of a new Captain Marvel‚Ä¶ https://t.co/vptSUR9HYE",Tue Oct 02 13:29:05 +0000 2018,0.2716,0.099,0.0,0.901,34
@nytimes,RT @nytopinion: .@PaulKrugman: My guess is that Kavanaugh's privileged roots are precisely why he‚Äôs so angry https://t.co/9R4K79fdWt,Tue Oct 02 13:15:07 +0000 2018,-0.3272,0.131,0.192,0.677,35
@nytimes,Morning¬†Briefing: Here's what you need to know to start your day https://t.co/wXfjnUG3Wd https://t.co/prXeCCDyYw,Tue Oct 02 13:00:12 +0000 2018,0.0,0.0,0.0,1.0,36
@nytimes,"In an election year that has included alarming portents of global warming, the one place that climate change rarely‚Ä¶ https://t.co/jRRjeURwY0",Tue Oct 02 12:44:03 +0000 2018,0.0258,0.076,0.071,0.853,37
@nytimes,Brett Kavanaugh's friends and former classmates have painted contrasting images of his past. Seth Meyers seized on‚Ä¶ https://t.co/BDOfTR1Aix,Tue Oct 02 12:30:10 +0000 2018,0.4767,0.154,0.0,0.846,38
@nytimes,"Across the Carolinas, Florence remains far from over https://t.co/VxAHK484Af https://t.co/jtY6xN1DNx",Tue Oct 02 12:14:04 +0000 2018,0.0,0.0,0.0,1.0,39
@nytimes,"Charles Aznavour's career spanned the history of the chanson realiste, the unvarnished tales of unrequited love, lo‚Ä¶ https://t.co/VEsYuHDGVv",Tue Oct 02 12:10:07 +0000 2018,0.6369,0.198,0.0,0.802,40
@nytimes,"Your daily @DealBook Briefing:

‚Ä¢ What's wrong with California's board quota plan.

‚Ä¢ GE's new chief has a lot to f‚Ä¶ https://t.co/jJ4GyJ5zez",Tue Oct 02 12:00:14 +0000 2018,-0.4767,0.0,0.147,0.853,41
@nytimes,"Officials said that at least 1,234 people in Indonesia had died. Others, still uncounted, lie in the rubble of ruin‚Ä¶ https://t.co/VW8Ec3DZ5n",Tue Oct 02 11:45:05 +0000 2018,-0.5574,0.0,0.153,0.847,42
@nytimes,"Louis C.K. returned to the Comedy Cellar, where a new policy lets uncomfortable customers leave, their check picked‚Ä¶ https://t.co/pZQZ655KPR",Tue Oct 02 11:30:11 +0000 2018,-0.0772,0.117,0.178,0.704,43
@nytimes,"More of Brett Kavanaugh's former classmates are now coming forward with personal stories 
https://t.co/PEKa867VgI",Tue Oct 02 11:15:07 +0000 2018,0.0,0.0,0.0,1.0,44
@nytimes,American and Chinese Warships came perilously close to colliding in the disputed waters of the South China Sea https://t.co/2qv7K4X3T3,Tue Oct 02 11:00:02 +0000 2018,-0.5267,0.0,0.252,0.748,45
@nytimes,Video: How the Indonesia earthquake made soil flow like water https://t.co/5NK95hKpYq,Tue Oct 02 10:50:03 +0000 2018,0.3612,0.2,0.0,0.8,46
@nytimes,Amazon says it will raise base pay for all its U.S. workers to $15 an hour and is planning to lobby for a higher na‚Ä¶ https://t.co/KUQPPZVqj1,Tue Oct 02 10:46:39 +0000 2018,0.1027,0.107,0.053,0.84,47
@nytimes,Morning¬†Briefing: Here's what you need to know to start your day https://t.co/tS6sdHdjNM https://t.co/i7FBxtd2qE,Tue Oct 02 10:40:06 +0000 2018,0.0,0.0,0.0,1.0,48
@nytimes,"""Increasing diversity of all kinds was always going to be a journey. We will get there. But let's not do anything t‚Ä¶ https://t.co/ygB7Yn2hJg",Tue Oct 02 10:31:00 +0000 2018,0.0,0.0,0.0,1.0,49
@nytimes,"Breaking News: The Nobel Prize in Physics was awarded to scientists from the U.S., Canada and France for their work‚Ä¶ https://t.co/IfzHUNcDop",Tue Oct 02 10:22:55 +0000 2018,0.7184,0.24,0.0,0.76,50
@nytimes,A look at the 5 senators who will decide Brett Kavanaugh's fate https://t.co/QZRA0qGVSg https://t.co/7xjVVcVEmi,Tue Oct 02 10:15:08 +0000 2018,0.0,0.0,0.0,1.0,51
@nytimes,RT @adamjdean: A mosque damaged by the earthquake and tsunami in #palu @nytimes https://t.co/gPy5SJRtm5,Tue Oct 02 09:49:52 +0000 2018,-0.4404,0.0,0.195,0.805,52
@nytimes,"RT @jotted: Excellent deep dive on China's healthcare system by @suilee. Dystopian, heart breaking and alarming. Patients make their own ca‚Ä¶",Tue Oct 02 09:45:07 +0000 2018,0.4939,0.153,0.062,0.785,53
@nytimes,RT @nytimesworld: A 16-year-old boy in Turkey has been sentenced to prison for kissing his 13-year-old girlfriend after teachers found his‚Ä¶,Tue Oct 02 09:31:04 +0000 2018,0.0772,0.147,0.175,0.677,54
@nytimes,Seven Germans have been arrested on suspicion of building a far-right terrorist organization https://t.co/8IsaAAvlyB,Tue Oct 02 09:15:05 +0000 2018,-0.886,0.0,0.51,0.49,55
@nytimes,"A website tallies up apologies from the Twitter accounts of 25 British rail companies. All together, they have twee‚Ä¶ https://t.co/xumnsEdDsu",Tue Oct 02 09:00:18 +0000 2018,0.0,0.0,0.0,1.0,56
@nytimes,A company in New Zealand that let its employees work 4 days a week while being paid for 5 said the experiment was s‚Ä¶ https://t.co/zKmIx3n6Zf,Tue Oct 02 08:45:03 +0000 2018,0.0,0.0,0.0,1.0,57
@nytimes,"A heckler at a political event is hardly unusual. But the woman, who was later arrested, was no ordinary heckler, s‚Ä¶ https://t.co/IFMnleuKvS",Tue Oct 02 08:30:08 +0000 2018,-0.7876,0.0,0.279,0.721,58
@nytimes,North Korea accused the Trump administration of demanding too much but offering too few concessions https://t.co/47VwyBaG20,Tue Oct 02 08:15:07 +0000 2018,-0.2617,0.0,0.179,0.821,59
@nytimes,"""While California‚Äôs impulse is clearly on the right side of history, the way the rule was enacted is so misguided t‚Ä¶ https://t.co/blW1Rr5TVG",Tue Oct 02 08:00:06 +0000 2018,0.4019,0.114,0.0,0.886,60
@nytimes,Photographers captured the grim and desperate aftermath of the earthquake and tsunami that struck eastern Indonesia https://t.co/oVvy4A9wwg,Tue Oct 02 07:45:01 +0000 2018,-0.7906,0.0,0.364,0.636,61
@nytimes,"Mai Khoi, once a conventional pop star, is now a protest singer who challenges Vietnam‚Äôs political status quo. ‚ÄúEve‚Ä¶ https://t.co/BQYUVOR0wl",Tue Oct 02 07:33:03 +0000 2018,-0.1779,0.067,0.104,0.829,62
@nytimes,"The death toll in Friday‚Äôs earthquake and tsunami in Indonesia has risen to at least 1,234 people, officials say https://t.co/QAusuXu2BD",Tue Oct 02 07:27:44 +0000 2018,-0.5994,0.0,0.17,0.83,63
@nytimes,Entire neighborhoods have been devastated in and around Palu https://t.co/E1avLeyRjA,Tue Oct 02 07:15:04 +0000 2018,-0.6124,0.0,0.308,0.692,64
@nytimes,This rabbi is in charge of figuring out how to deal with clean meat ‚Äî meat that is grown in laboratories from anima‚Ä¶ https://t.co/jGBf7LrLvs,Tue Oct 02 07:00:15 +0000 2018,0.4019,0.109,0.0,0.891,65
@nytimes,"Chad Ludington, one of Judge Kavanaugh‚Äôs Yale classmates, said the altercation happened after a UB40 concert https://t.co/2npPthWwhS",Tue Oct 02 06:45:06 +0000 2018,0.0,0.0,0.0,1.0,66
@nytimes,Map: The scale of the destruction of the Indonesia tsunami that left more than 800 people dead https://t.co/yFtezqCN1u,Tue Oct 02 06:30:06 +0000 2018,-0.8402,0.0,0.333,0.667,67
@nytimes,RT @nytrealestate: Looking to buy an apartment in Manhattan? Now might be the time ‚Äî regardless of your budget https://t.co/Yn0h5serxI,Tue Oct 02 06:15:09 +0000 2018,0.0,0.0,0.0,1.0,68
@nytimes,Tesla has reported that it is selling almost all of the cars it is making. But internet sleuths have found large nu‚Ä¶ https://t.co/RYLJnujaX5,Tue Oct 02 06:00:02 +0000 2018,0.0,0.0,0.0,1.0,69
@nytimes,That Silicon Valley billionaire who wants to close a road to the beach because it runs through his property? The Su‚Ä¶ https://t.co/ewEuvi1obb,Tue Oct 02 05:45:08 +0000 2018,0.0,0.0,0.0,1.0,70
@nytimes,"Antonio Delgado, who is running for Congress in New York, is a Rhodes scholar and Harvard Law graduate. The G.O.P.‚Ä¶ https://t.co/gvtO0JbCEM",Tue Oct 02 05:30:02 +0000 2018,0.0,0.0,0.0,1.0,71
@nytimes,RT @photojournalism: Tomorrow's front page story on the tsunami aftermath by @adamjdean @hkbeech and @RCPaddock https://t.co/DMU3sZBkFP htt‚Ä¶,Tue Oct 02 05:21:48 +0000 2018,0.0,0.0,0.0,1.0,72
@nytimes,"RT @ElisabethMalkin: Tuesday is the 50th anniversary of the Tlatelolco massacre, when Mexican soldiers massacred Mexican students. My story‚Ä¶",Tue Oct 02 05:15:04 +0000 2018,0.0,0.0,0.0,1.0,73
@nytimes,"Louis C.K. unexpectedly returned to the Comedy Cellar, where a new policy lets uncomfortable customers leave, their‚Ä¶ https://t.co/t1U8u7pZVy",Tue Oct 02 05:00:49 +0000 2018,-0.0772,0.123,0.187,0.69,74
@nytimes,"In her first big solo trip abroad, Melania Trump is scheduled to visit 4 African countries in the span of a week: G‚Ä¶ https://t.co/QbeeVlg7v0",Tue Oct 02 04:47:04 +0000 2018,0.0,0.0,0.0,1.0,75
@nytimes,"Voters in Quebec selected a center-right party to take control of the provincial government, in the first election‚Ä¶ https://t.co/4fSIXlIDXX",Tue Oct 02 04:32:06 +0000 2018,0.4019,0.137,0.0,0.863,76
@nytimes,"In Tennessee, President Trump went on an insult spree against his potential 2020 opponents: Joe Biden, Elizabeth Wa‚Ä¶ https://t.co/HXP2dxrzrp",Tue Oct 02 04:17:04 +0000 2018,-0.5106,0.0,0.155,0.845,77
@nytimes,"Days after the Indonesia tsunami, hungry residents were begging for aid, armed men were foraging shuttered stores,‚Ä¶ https://t.co/6SF1cTpr0B",Tue Oct 02 04:02:02 +0000 2018,0.0,0.0,0.0,1.0,78
@nytimes,"RT @JohnBranchNYT: Update from a year ago: The girls still play soccer. They‚Äôre on different teams now, so I don‚Äôt know if Stacee‚Äôs daughte‚Ä¶",Tue Oct 02 03:53:04 +0000 2018,0.34,0.103,0.0,0.897,79
@nytimes,It's estimated that around 30% of ambulance rides are unnecessary. That's an expense that adds up. https://t.co/vI0NCo6MRO,Tue Oct 02 03:47:04 +0000 2018,0.0,0.0,0.0,1.0,80
@nytimes,"RT @nytopinion: The privilege of being a white man isn‚Äôt what it used to be. That racial resentment, @PaulKrugman writes, is what drives su‚Ä¶",Tue Oct 02 03:32:02 +0000 2018,-0.1027,0.095,0.11,0.795,81
@nytimes,"A year ago, Regina Harris and Billy Bob Mason were among those who fled a music festival in Las Vegas. On Monday, t‚Ä¶ https://t.co/vmFhQkRKIo",Tue Oct 02 03:22:04 +0000 2018,0.4939,0.132,0.0,0.868,82
@nytimes,RT @SherylNYT: Democrats are pushing a new line of attack against Brett Kavanaugh: Questions about his truthfulness &amp; temperament. My lates‚Ä¶,Tue Oct 02 03:11:04 +0000 2018,-0.1027,0.113,0.13,0.756,83
@nytimes,"Senator Jeff Flake says the new investigation of Judge Kavanaugh should look fully at any ""current, credible"" alleg‚Ä¶ https://t.co/EMNNBaI7yZ",Tue Oct 02 03:02:07 +0000 2018,0.0,0.0,0.0,1.0,84
@nytimes,Drug lords kill witnesses. Here's how the ones in El Chapo‚Äôs case are being protected. https://t.co/y7xc56EVp6,Tue Oct 02 02:47:06 +0000 2018,-0.4215,0.134,0.218,0.648,85
@nytimes,"Who the FBI has interviewed in the Kavanaugh investigation ‚Äî and who it has not
https://t.co/atgqqXfxDC",Tue Oct 02 02:32:05 +0000 2018,0.0,0.0,0.0,1.0,86
@nytimes,"RT @emmagf: It's official. The Verrazzano-Narrows Bridge now has two z‚Äôs. As Gay Talese (who covered the bridge opening in 1964) told me, ‚Äú‚Ä¶",Tue Oct 02 02:17:00 +0000 2018,0.0,0.0,0.0,1.0,87
@nytimes,Jemele Hill discussed her move to The Atlantic after parting ways with ESPN https://t.co/YYASRz8LnY,Tue Oct 02 02:03:11 +0000 2018,0.0,0.0,0.0,1.0,88
@nytimes,"When you think of great stand-up comics of the 1970s, Elayne Boosler should come to mind, but she's the master who'‚Ä¶ https://t.co/TSFXuYfAcO",Tue Oct 02 01:47:04 +0000 2018,0.3716,0.108,0.0,0.892,89
@nytimes,Applying for your first job out of college? Not having much luck? One recent graduate's strategy: Put yourself out‚Ä¶ https://t.co/hiojFQ77Wf,Tue Oct 02 01:30:14 +0000 2018,-0.4291,0.0,0.13,0.87,90
@nytimes,RT @nytopinion: @tribelaw: My decades of observing the court‚Äôs work and arguing cases there convince me that Brett Kavanaugh would need to‚Ä¶,Tue Oct 02 01:17:03 +0000 2018,-0.25,0.08,0.12,0.8,91
@nytimes,Evening Briefing: Here's what you need to know at the end of the day https://t.co/ivaMcg6qRW,Tue Oct 02 01:02:06 +0000 2018,0.0,0.0,0.0,1.0,92
@nytimes,"A Border Patrol agent pleaded guilty to starting a fire at a gender-reveal party, causing a blaze that eventually c‚Ä¶ https://t.co/JQ16dz3uVk",Tue Oct 02 00:47:05 +0000 2018,-0.3612,0.123,0.237,0.639,93
@nytimes,A New Jersey man died after contracting an infection from a brain-eating amoeba after visiting a water park https://t.co/usgYDBmT3z,Tue Oct 02 00:32:06 +0000 2018,-0.5574,0.0,0.194,0.806,94
@nytimes,"RT @alanblinder: Jimmy Carter turns 94 today, more than three years after he received a diagnosis of cancer. Right after that announcement‚Ä¶",Tue Oct 02 00:22:05 +0000 2018,-0.6597,0.0,0.18,0.82,95
@nytimes,"At the #nytnewrules summit, 

@susanchira and @jessicabennett sat down to talk about #MeToo, the Kavanaugh hearings‚Ä¶ https://t.co/ViptqPtWsZ",Tue Oct 02 00:12:03 +0000 2018,0.0,0.0,0.0,1.0,96
@nytimes,Detailed new U.S. maps show how neighborhoods shape children for life https://t.co/YWd2NECIUa,Tue Oct 02 00:02:38 +0000 2018,0.0,0.0,0.0,1.0,97
@nytimes,The revised Nafta deal does not eliminate the steep steel and aluminum tariffs that President Trump imposed on Cana‚Ä¶ https://t.co/4Ef65V8pn0,Mon Oct 01 23:47:01 +0000 2018,-0.0772,0.0,0.064,0.936,98
@nytimes,"As an undergraduate student at Yale, Brett Kavanaugh was involved in an altercation at a local bar during which he‚Ä¶ https://t.co/AEMP5vg8Sk",Mon Oct 01 23:35:07 +0000 2018,0.0,0.0,0.0,1.0,99
@nytimes,RT @SteveEder: NEW: Kavanaugh was questioned by police after a bar fight in 1985 that resulted in one person going to the hospital. Judge K‚Ä¶,Mon Oct 01 23:23:44 +0000 2018,-0.4588,0.0,0.154,0.846,100
